"species","scenario","area_km2","futureScenario","year","spGroup","horizon","shape"
"Bothrops alternatus","present",2135035.85552588,"SSP 370","2050","Open Areas & Plateau","Present","Present"
"Bothrops alternatus","present",2135035.85552588,"SSP 370","2090","Open Areas & Plateau","Present","Present"
"Bothrops alternatus","present",2135035.85552588,"SSP 585","2050","Open Areas & Plateau","Present","Present"
"Bothrops alternatus","present",2135035.85552588,"SSP 585","2090","Open Areas & Plateau","Present","Present"
"Bothrops alternatus","future_11",1804371.83245796,"SSP 370","2050","Open Areas & Plateau","Future","2050"
"Bothrops alternatus","future_12",1747582.38198893,"SSP 585","2050","Open Areas & Plateau","Future","2050"
"Bothrops alternatus","future_21",1623006.00700116,"SSP 370","2090","Open Areas & Plateau","Future","2090"
"Bothrops alternatus","future_22",1680119.19591006,"SSP 585","2090","Open Areas & Plateau","Future","2090"
"Bothrops cotiara","present",208541.918130852,"SSP 370","2050","Forest & Mountain","Present","Present"
"Bothrops cotiara","present",208541.918130852,"SSP 370","2090","Forest & Mountain","Present","Present"
"Bothrops cotiara","present",208541.918130852,"SSP 585","2050","Forest & Mountain","Present","Present"
"Bothrops cotiara","present",208541.918130852,"SSP 585","2090","Forest & Mountain","Present","Present"
"Bothrops cotiara","future_11",64264.7277747968,"SSP 370","2050","Forest & Mountain","Future","2050"
"Bothrops cotiara","future_12",62350.6726512247,"SSP 585","2050","Forest & Mountain","Future","2050"
"Bothrops cotiara","future_21",25863.0982502698,"SSP 370","2090","Forest & Mountain","Future","2090"
"Bothrops cotiara","future_22",9086.28196996822,"SSP 585","2090","Forest & Mountain","Future","2090"
"Bothrops fonsecai","present",54143.2904815656,"SSP 370","2050","Forest & Mountain","Present","Present"
"Bothrops fonsecai","present",54143.2904815656,"SSP 370","2090","Forest & Mountain","Present","Present"
"Bothrops fonsecai","present",54143.2904815656,"SSP 585","2050","Forest & Mountain","Present","Present"
"Bothrops fonsecai","present",54143.2904815656,"SSP 585","2090","Forest & Mountain","Present","Present"
"Bothrops fonsecai","future_11",33151.299283568,"SSP 370","2050","Forest & Mountain","Future","2050"
"Bothrops fonsecai","future_12",31216.8172441689,"SSP 585","2050","Forest & Mountain","Future","2050"
"Bothrops fonsecai","future_21",32502.2953114718,"SSP 370","2090","Forest & Mountain","Future","2090"
"Bothrops fonsecai","future_22",16054.6782979278,"SSP 585","2090","Forest & Mountain","Future","2090"
"Bothrops itapetiningae","present",559968.493678532,"SSP 370","2050","Open Areas & Plateau","Present","Present"
"Bothrops itapetiningae","present",559968.493678532,"SSP 370","2090","Open Areas & Plateau","Present","Present"
"Bothrops itapetiningae","present",559968.493678532,"SSP 585","2050","Open Areas & Plateau","Present","Present"
"Bothrops itapetiningae","present",559968.493678532,"SSP 585","2090","Open Areas & Plateau","Present","Present"
"Bothrops itapetiningae","future_11",197394.536282448,"SSP 370","2050","Open Areas & Plateau","Future","2050"
"Bothrops itapetiningae","future_12",153746.694236915,"SSP 585","2050","Open Areas & Plateau","Future","2050"
"Bothrops itapetiningae","future_21",73333.1498537412,"SSP 370","2090","Open Areas & Plateau","Future","2090"
"Bothrops itapetiningae","future_22",34673.202030062,"SSP 585","2090","Open Areas & Plateau","Future","2090"
