"species","scenario","mean_lat","sd_lat","n_lat","lwr","upr","futureScenario","year","spGroup","horizon","shape"
"Bothrops alternatus","present",-29.1192786987691,4.7778265561447,6888,-29.1768470525769,-29.0617103449614,"SSP 370","2050","Open Areas & Plateau","Present","Present"
"Bothrops alternatus","present",-29.1192786987691,4.7778265561447,6888,-29.1768470525769,-29.0617103449614,"SSP 370","2090","Open Areas & Plateau","Present","Present"
"Bothrops alternatus","present",-29.1192786987691,4.7778265561447,6888,-29.1768470525769,-29.0617103449614,"SSP 585","2050","Open Areas & Plateau","Present","Present"
"Bothrops alternatus","present",-29.1192786987691,4.7778265561447,6888,-29.1768470525769,-29.0617103449614,"SSP 585","2090","Open Areas & Plateau","Present","Present"
"Bothrops alternatus","future_11",-30.5950070754147,4.3589356911903,5667,-30.6529104473978,-30.5371037034316,"SSP 370","2050","Open Areas & Plateau","Future","2050"
"Bothrops alternatus","future_12",-31.0011020068096,4.39065138483908,5487,-31.0603756300935,-30.9418283835256,"SSP 585","2050","Open Areas & Plateau","Future","2050"
"Bothrops alternatus","future_21",-31.3536236868202,4.43220503098402,4783,-31.4177106439957,-31.2895367296448,"SSP 370","2090","Open Areas & Plateau","Future","2090"
"Bothrops alternatus","future_22",-30.5610491816206,4.84544483346188,5029,-30.6293762575776,-30.4927221056636,"SSP 585","2090","Open Areas & Plateau","Future","2090"
"Bothrops cotiara","present",-26.8166040936769,1.55418732990072,661,-26.8770549746567,-26.7561532126971,"SSP 370","2050","Forest & Mountain","Present","Present"
"Bothrops cotiara","present",-26.8166040936769,1.55418732990072,661,-26.8770549746567,-26.7561532126971,"SSP 370","2090","Forest & Mountain","Present","Present"
"Bothrops cotiara","present",-26.8166040936769,1.55418732990072,661,-26.8770549746567,-26.7561532126971,"SSP 585","2050","Forest & Mountain","Present","Present"
"Bothrops cotiara","present",-26.8166040936769,1.55418732990072,661,-26.8770549746567,-26.7561532126971,"SSP 585","2090","Forest & Mountain","Present","Present"
"Bothrops cotiara","future_11",-27.4016372665848,1.1485686355898,178,-27.487726125521,-27.3155484076487,"SSP 370","2050","Forest & Mountain","Future","2050"
"Bothrops cotiara","future_12",-27.6136808050625,1.08230024086837,160,-27.6992441518948,-27.5281174582302,"SSP 585","2050","Forest & Mountain","Future","2050"
"Bothrops cotiara","future_21",-27.6604839657948,1.07262965310846,58,-27.8013271393241,-27.5196407922656,"SSP 370","2090","Forest & Mountain","Future","2090"
"Bothrops cotiara","future_22",-28.2887356269237,0.347879493476989,19,-28.3685446562182,-28.2089265976291,"SSP 585","2090","Forest & Mountain","Future","2090"
"Bothrops fonsecai","present",-22.4721961602009,0.638614453076681,269,-22.5111331706084,-22.4332591497934,"SSP 370","2050","Forest & Mountain","Present","Present"
"Bothrops fonsecai","present",-22.4721961602009,0.638614453076681,269,-22.5111331706084,-22.4332591497934,"SSP 370","2090","Forest & Mountain","Present","Present"
"Bothrops fonsecai","present",-22.4721961602009,0.638614453076681,269,-22.5111331706084,-22.4332591497934,"SSP 585","2050","Forest & Mountain","Present","Present"
"Bothrops fonsecai","present",-22.4721961602009,0.638614453076681,269,-22.5111331706084,-22.4332591497934,"SSP 585","2090","Forest & Mountain","Present","Present"
"Bothrops fonsecai","future_11",-22.8603432390418,0.53784637478975,147,-22.9047040603658,-22.8159824177179,"SSP 370","2050","Forest & Mountain","Future","2050"
"Bothrops fonsecai","future_12",-23.0423532686033,0.479093347525182,137,-23.0832849756252,-23.0014215615814,"SSP 585","2050","Forest & Mountain","Future","2050"
"Bothrops fonsecai","future_21",-22.9698802572947,0.441833100261041,103,-23.0134153662696,-22.9263451483197,"SSP 370","2090","Forest & Mountain","Future","2090"
"Bothrops fonsecai","future_22",-23.2870760926392,0.536264154696122,37,-23.3752373765994,-23.198914808679,"SSP 585","2090","Forest & Mountain","Future","2090"
"Bothrops itapetiningae","present",-21.4034348317867,1.80485620149566,1770,-21.4463347014616,-21.3605349621118,"SSP 370","2050","Open Areas & Plateau","Present","Present"
"Bothrops itapetiningae","present",-21.4034348317867,1.80485620149566,1770,-21.4463347014616,-21.3605349621118,"SSP 370","2090","Open Areas & Plateau","Present","Present"
"Bothrops itapetiningae","present",-21.4034348317867,1.80485620149566,1770,-21.4463347014616,-21.3605349621118,"SSP 585","2050","Open Areas & Plateau","Present","Present"
"Bothrops itapetiningae","present",-21.4034348317867,1.80485620149566,1770,-21.4463347014616,-21.3605349621118,"SSP 585","2090","Open Areas & Plateau","Present","Present"
"Bothrops itapetiningae","future_11",-22.1661944499253,1.91640921664086,627,-22.2427284619787,-22.0896604378718,"SSP 370","2050","Open Areas & Plateau","Future","2050"
"Bothrops itapetiningae","future_12",-22.7639668131053,1.87589937831455,499,-22.8479436025024,-22.6799900237083,"SSP 585","2050","Open Areas & Plateau","Future","2050"
"Bothrops itapetiningae","future_21",-22.9085049159714,1.53031016784519,257,-23.0039630415274,-22.8130467904154,"SSP 370","2090","Open Areas & Plateau","Future","2090"
"Bothrops itapetiningae","future_22",-21.9345408705141,1.88395381496897,156,-22.0853778936366,-21.7837038473916,"SSP 585","2090","Open Areas & Plateau","Future","2090"
