species,latitude,longitude
Bothrops alternatus,-38.9,-62.116667
Bothrops alternatus,-38.733333,-60.616667
Bothrops alternatus,-38.566685,-58.716774
Bothrops alternatus,-38.566667,-58.716667
Bothrops alternatus,-38.333311,-62.649981
Bothrops alternatus,-38.283523,-57.850235
Bothrops alternatus,-38.283333,-57.85
Bothrops alternatus,-38.2,-61.666667
Bothrops alternatus,-38.15,-58.783333
Bothrops alternatus,-38.15,-61.8
Bothrops alternatus,-38.13932,-61.794151
Bothrops alternatus,-38.1,-62.233333
Bothrops alternatus,-38.098711,-62.223614
Bothrops alternatus,-38,-57.583333
Bothrops alternatus,-37.966667,-61.383333
Bothrops alternatus,-37.9417,-57.804
Bothrops alternatus,-37.916667,-58.283333
Bothrops alternatus,-37.866667,-57.85
Bothrops alternatus,-37.866667,-58.25
Bothrops alternatus,-37.858333,-57.05
Bothrops alternatus,-37.804351,-58.189292
Bothrops alternatus,-37.783333,-57.766667
Bothrops alternatus,-37.616667,-57.333333
Bothrops alternatus,-37.6,-62.416667
Bothrops alternatus,-37.557559,-57.359144
Bothrops alternatus,-37.5,-57.133333
Bothrops alternatus,-37.415741,-57.223003
Bothrops alternatus,-36.9,-60.333333
Bothrops alternatus,-36.835237,-56.705538
Bothrops alternatus,-36.833333,-56.683333
Bothrops alternatus,-36.783333,-59.85
Bothrops alternatus,-36.55,-56.716667
Bothrops alternatus,-36.416667,-56.7
Bothrops alternatus,-36.411329,-56.701433
Bothrops alternatus,-36.366667,-56.716667
Bothrops alternatus,-36.3,-56.75
Bothrops alternatus,-36.2,-65.116667
Bothrops alternatus,-35.817,-65.3
Bothrops alternatus,-35.816667,-65.3
Bothrops alternatus,-35.27428,-57.260653
Bothrops alternatus,-34.883472,-56.182113
Bothrops alternatus,-34.861483,-56.209194
Bothrops alternatus,-34.826664,-54.654086
Bothrops alternatus,-34.825285,-55.060363
Bothrops alternatus,-34.824011,-57.985752
Bothrops alternatus,-34.816667,-57.983333
Bothrops alternatus,-34.8,-54.683333
Bothrops alternatus,-34.732461,-55.304948
Bothrops alternatus,-34.716667,-55.233333
Bothrops alternatus,-34.681077,-56.803643
Bothrops alternatus,-34.65,-54.3
Bothrops alternatus,-34.646821,-54.174504
Bothrops alternatus,-34.602,-58.369
Bothrops alternatus,-34.583333,-56.916667
Bothrops alternatus,-34.569745,-56.974923
Bothrops alternatus,-34.518361,-54.140248
Bothrops alternatus,-34.501233,-57.87414
Bothrops alternatus,-34.492669,-57.060562
Bothrops alternatus,-34.458413,-57.839884
Bothrops alternatus,-34.416667,-57.85
Bothrops alternatus,-34.416667,-64.166667
Bothrops alternatus,-34.415594,-57.471633
Bothrops alternatus,-34.415594,-57.87414
Bothrops alternatus,-34.4,-57.35
Bothrops alternatus,-34.383333,-55.15
Bothrops alternatus,-34.329954,-55.150797
Bothrops alternatus,-34.287134,-54.097428
Bothrops alternatus,-34.175802,-58.011163
Bothrops alternatus,-34.175802,-53.720613
Bothrops alternatus,-34.167238,-53.686357
Bothrops alternatus,-34.15,-53.716667
Bothrops alternatus,-34.116667,-64.7333
Bothrops alternatus,-34.116667,-63.4
Bothrops alternatus,-34.1,-65.083333
Bothrops alternatus,-34.098799,-59.03228
Bothrops alternatus,-34.083333,-59.033333
Bothrops alternatus,-34.064471,-53.557898
Bothrops alternatus,-34.064471,-53.754869
Bothrops alternatus,-34.055907,-54.688342
Bothrops alternatus,-34.047343,-53.643538
Bothrops alternatus,-34.045833,-53.538889
Bothrops alternatus,-34.018779,-53.672229
Bothrops alternatus,-34,-58.25
Bothrops alternatus,-33.999972,-53.551123
Bothrops alternatus,-33.970267,-58.319466
Bothrops alternatus,-33.970267,-53.523642
Bothrops alternatus,-33.936011,-53.592154
Bothrops alternatus,-33.933333,-53.583333
Bothrops alternatus,-33.910625,-58.885211
Bothrops alternatus,-33.910319,-58.396542
Bothrops alternatus,-33.901755,-53.566462
Bothrops alternatus,-33.9,-64.3833
Bothrops alternatus,-33.884627,-58.41367
Bothrops alternatus,-33.87,-58.886
Bothrops alternatus,-33.867,-65.183
Bothrops alternatus,-33.866667,-65.183333
Bothrops alternatus,-33.798988,-58.405106
Bothrops alternatus,-33.783333,-65.733333
Bothrops alternatus,-33.783,-65.733
Bothrops alternatus,-33.766667,-59.316667
Bothrops alternatus,-33.745,-59.087
Bothrops alternatus,-33.733,-59.166
Bothrops alternatus,-33.69,-65.459
Bothrops alternatus,-33.683333,-59.7
Bothrops alternatus,-33.683333,-65.466667
Bothrops alternatus,-33.683,-65.467
Bothrops alternatus,-33.670528,-53.643538
Bothrops alternatus,-33.666667,-59.7
Bothrops alternatus,-33.65,-59.05
Bothrops alternatus,-33.633333,-63.2
Bothrops alternatus,-33.559196,-54.534191
Bothrops alternatus,-33.55,-58.56667
Bothrops alternatus,-33.533333,-54.683333
Bothrops alternatus,-33.519,-53.368
Bothrops alternatus,-33.507813,-55.519047
Bothrops alternatus,-33.416667,-55.416667
Bothrops alternatus,-33.405045,-53.609282
Bothrops alternatus,-33.4,-63.4833
Bothrops alternatus,-33.396481,-58.276646
Bothrops alternatus,-33.366667,-63.7167
Bothrops alternatus,-33.366667,-58.366667
Bothrops alternatus,-33.310841,-58.131059
Bothrops alternatus,-33.302277,-56.161345
Bothrops alternatus,-33.3,-64.75
Bothrops alternatus,-33.3,-58.016667
Bothrops alternatus,-33.285149,-54.491371
Bothrops alternatus,-33.242329,-58.011163
Bothrops alternatus,-33.233765,-54.457115
Bothrops alternatus,-33.233333,-56.2
Bothrops alternatus,-33.216667,-58.283333
Bothrops alternatus,-33.216667,-54.4
Bothrops alternatus,-33.19951,-58.336594
Bothrops alternatus,-33.166667,-65
Bothrops alternatus,-33.166037,-54.449875
Bothrops alternatus,-33.15,-60.518
Bothrops alternatus,-33.130998,-58.259518
Bothrops alternatus,-33.116667,-66.05
Bothrops alternatus,-33.11666,-63.55
Bothrops alternatus,-33.115,-61.334
Bothrops alternatus,-33.044167,-61.168056
Bothrops alternatus,-33.016667,-58.516667
Bothrops alternatus,-33.007778,-58.511167
Bothrops alternatus,-32.98541,-54.645522
Bothrops alternatus,-32.951154,-58.028291
Bothrops alternatus,-32.95,-60.65
Bothrops alternatus,-32.936,-60.667
Bothrops alternatus,-32.934026,-55.638943
Bothrops alternatus,-32.9,-54.866667
Bothrops alternatus,-32.9,-58.033333
Bothrops alternatus,-32.882643,-54.371475
Bothrops alternatus,-32.869994,-60.687487
Bothrops alternatus,-32.83912,-60.57745
Bothrops alternatus,-32.8363,-60.57134
Bothrops alternatus,-32.831259,-54.782546
Bothrops alternatus,-32.8303,-60.55918
Bothrops alternatus,-32.82095,-60.54197
Bothrops alternatus,-32.814131,-54.731162
Bothrops alternatus,-32.80751,-60.51711
Bothrops alternatus,-32.7944,-60.4862
Bothrops alternatus,-32.783333,-55.65
Bothrops alternatus,-32.77607,-60.44709
Bothrops alternatus,-32.741,-60.766
Bothrops alternatus,-32.73196,-60.37663
Bothrops alternatus,-32.72677,-60.36741
Bothrops alternatus,-32.71583,-60.34196
Bothrops alternatus,-32.715,-60.734
Bothrops alternatus,-32.707,-62.113
Bothrops alternatus,-32.7,-62.1
Bothrops alternatus,-32.7,-63.716667
Bothrops alternatus,-32.683333,-64.7333
Bothrops alternatus,-32.666667,-64.9167
Bothrops alternatus,-32.65792,-60.23832
Bothrops alternatus,-32.65756,-60.23764
Bothrops alternatus,-32.65741,-60.23737
Bothrops alternatus,-32.64687,-60.21649
Bothrops alternatus,-32.60845,-60.17295
Bothrops alternatus,-32.56667,-60.28333
Bothrops alternatus,-32.566,-60.851
Bothrops alternatus,-32.553936,-52.548695
Bothrops alternatus,-32.538889,-52.538889
Bothrops alternatus,-32.5181,-52.5782
Bothrops alternatus,-32.5,-58.25
Bothrops alternatus,-32.466667,-58.483333
Bothrops alternatus,-32.433333,-54.25
Bothrops alternatus,-32.433333,-63.25
Bothrops alternatus,-32.416667,-63.25
Bothrops alternatus,-32.406,-59.812
Bothrops alternatus,-32.368804,-55.4591
Bothrops alternatus,-32.366667,-62.35
Bothrops alternatus,-32.356864,-60.941801
Bothrops alternatus,-32.351676,-54.200196
Bothrops alternatus,-32.35,-62.883333
Bothrops alternatus,-32.35,-58.433333
Bothrops alternatus,-32.343112,-53.652102
Bothrops alternatus,-32.334548,-54.20876
Bothrops alternatus,-32.316667,-64.2667
Bothrops alternatus,-32.30107,-60.69577
Bothrops alternatus,-32.3,-64.4833
Bothrops alternatus,-32.3,-62.65
Bothrops alternatus,-32.277,-60.704
Bothrops alternatus,-32.262,-61.927
Bothrops alternatus,-32.25,-63.9833
Bothrops alternatus,-32.233333,-63.6333
Bothrops alternatus,-32.22496,-58.144746
Bothrops alternatus,-32.2,-63.1667
Bothrops alternatus,-32.2,-64.7667
Bothrops alternatus,-32.2,-62.6333
Bothrops alternatus,-32.194114,-52.437371
Bothrops alternatus,-32.1917,-52.1583
Bothrops alternatus,-32.183333,-60.183333
Bothrops alternatus,-32.183333,-60.233333
Bothrops alternatus,-32.183333,-64.1
Bothrops alternatus,-32.176,-59.4
Bothrops alternatus,-32.167,-61.163
Bothrops alternatus,-32.166667,-64.7833
Bothrops alternatus,-32.15,-58.26667
Bothrops alternatus,-32.15,-52.2
Bothrops alternatus,-32.15,-65.066667
Bothrops alternatus,-32.149699,-60.516193
Bothrops alternatus,-32.141667,-52.079167
Bothrops alternatus,-32.124284,-60.62995
Bothrops alternatus,-32.122156,-60.632863
Bothrops alternatus,-32.122,-60.633
Bothrops alternatus,-32.116667,-64.75
Bothrops alternatus,-32.115266,-60.650206
Bothrops alternatus,-32.11315,-60.63315
Bothrops alternatus,-32.11071,-60.6325
Bothrops alternatus,-32.1106,-65.0564
Bothrops alternatus,-32.109637,-52.346342
Bothrops alternatus,-32.10704,-60.63186
Bothrops alternatus,-32.078,-61.227
Bothrops alternatus,-32.066667,-64.55
Bothrops alternatus,-32.066667,-65.0333
Bothrops alternatus,-32.0417,-52.1
Bothrops alternatus,-32.041667,-52.1
Bothrops alternatus,-32.037,-60.318
Bothrops alternatus,-32.035,-52.0986
Bothrops alternatus,-32.033333,-62.4667
Bothrops alternatus,-32.033333,-64.75
Bothrops alternatus,-32.033333,-65.05
Bothrops alternatus,-31.983333,-64.5667
Bothrops alternatus,-31.983333,-64.7
Bothrops alternatus,-31.975458,-52.00403
Bothrops alternatus,-31.973,-60.918
Bothrops alternatus,-31.966667,-62.3167
Bothrops alternatus,-31.966667,-54.1
Bothrops alternatus,-31.966667,-60.916667
Bothrops alternatus,-31.962708,-51.993248
Bothrops alternatus,-31.95,-64.8833
Bothrops alternatus,-31.944,-65.184
Bothrops alternatus,-31.933333,-65.2
Bothrops alternatus,-31.933333,-65.0667
Bothrops alternatus,-31.931,-60.684
Bothrops alternatus,-31.923478,-54.105992
Bothrops alternatus,-31.9,-64.9833
Bothrops alternatus,-31.9,-64.75
Bothrops alternatus,-31.9,-64.716666
Bothrops alternatus,-31.883333,-55.483333
Bothrops alternatus,-31.882687,-60.683219
Bothrops alternatus,-31.882,-61.134
Bothrops alternatus,-31.866667,-60.9
Bothrops alternatus,-31.866667,-58.283333
Bothrops alternatus,-31.866667,-59.05
Bothrops alternatus,-31.866667,-62.7167
Bothrops alternatus,-31.866667,-60
Bothrops alternatus,-31.866,-60.004
Bothrops alternatus,-31.8642,-52.8233
Bothrops alternatus,-31.86353,-56.204165
Bothrops alternatus,-31.854966,-55.484792
Bothrops alternatus,-31.854327,-60.941801
Bothrops alternatus,-31.8,-64.65
Bothrops alternatus,-31.798,-61.002
Bothrops alternatus,-31.783333,-60.833333
Bothrops alternatus,-31.783333,-56.116667
Bothrops alternatus,-31.780811,-58.312545
Bothrops alternatus,-31.772,-60.833
Bothrops alternatus,-31.7719,-52.3425
Bothrops alternatus,-31.771703,-60.832945
Bothrops alternatus,-31.77,-60.834
Bothrops alternatus,-31.768949,-60.52773
Bothrops alternatus,-31.766667,-65
Bothrops alternatus,-31.766667,-52.333333
Bothrops alternatus,-31.766667,-52.375
Bothrops alternatus,-31.761,-61.318
Bothrops alternatus,-31.760762,-54.354347
Bothrops alternatus,-31.757,-60.518
Bothrops alternatus,-31.75,-61.316667
Bothrops alternatus,-31.749,-61.102
Bothrops alternatus,-31.73507,-55.501919
Bothrops alternatus,-31.733333,-64.4833
Bothrops alternatus,-31.733333,-60.6
Bothrops alternatus,-31.73157,-60.32437
Bothrops alternatus,-31.729,-60.325
Bothrops alternatus,-31.729,-60.534
Bothrops alternatus,-31.72856,-60.32464
Bothrops alternatus,-31.727,-60.535
Bothrops alternatus,-31.727,-61.097
Bothrops alternatus,-31.717,-60.317
Bothrops alternatus,-31.716667,-60.316667
Bothrops alternatus,-31.716667,-64.6333
Bothrops alternatus,-31.716667,-55.483333
Bothrops alternatus,-31.716,-61.584
Bothrops alternatus,-31.71,-60.503
Bothrops alternatus,-31.7,-60.483333
Bothrops alternatus,-31.7,-60.7333
Bothrops alternatus,-31.699,-61.251
Bothrops alternatus,-31.690338,-60.510462
Bothrops alternatus,-31.683,-61.083
Bothrops alternatus,-31.683,-60.935
Bothrops alternatus,-31.682,-59.616
Bothrops alternatus,-31.67619,-60.572423
Bothrops alternatus,-31.676173,-60.713272
Bothrops alternatus,-31.67583,-60.56922
Bothrops alternatus,-31.668338,-60.713425
Bothrops alternatus,-31.667,-60.56
Bothrops alternatus,-31.666667,-60.733333
Bothrops alternatus,-31.666667,-63.0667
Bothrops alternatus,-31.666667,-60.716667
Bothrops alternatus,-31.666667,-60.766667
Bothrops alternatus,-31.666667,-60.583333
Bothrops alternatus,-31.666667,-60.6
Bothrops alternatus,-31.666065,-60.808203
Bothrops alternatus,-31.666,-60.808
Bothrops alternatus,-31.656361,-60.609434
Bothrops alternatus,-31.65,-60.716667
Bothrops alternatus,-31.65,-60.7
Bothrops alternatus,-31.65,-59.9
Bothrops alternatus,-31.65,-63.3667
Bothrops alternatus,-31.65,-60.666667
Bothrops alternatus,-31.649,-60.37856
Bothrops alternatus,-31.648839,-60.37856
Bothrops alternatus,-31.64841,-60.680843
Bothrops alternatus,-31.647,-59.903
Bothrops alternatus,-31.641657,-60.684449
Bothrops alternatus,-31.639529,-60.67161
Bothrops alternatus,-31.638648,-60.678047
Bothrops alternatus,-31.638351,-60.658101
Bothrops alternatus,-31.637801,-60.67577
Bothrops alternatus,-31.63758,-60.68548
Bothrops alternatus,-31.637222,-53.455556
Bothrops alternatus,-31.636826,-60.676554
Bothrops alternatus,-31.63619,-60.6754
Bothrops alternatus,-31.636187,-60.668962
Bothrops alternatus,-31.635935,-60.669985
Bothrops alternatus,-31.635693,-60.671272
Bothrops alternatus,-31.634324,-60.673708
Bothrops alternatus,-31.633849,-60.679192
Bothrops alternatus,-31.633817,-60.669078
Bothrops alternatus,-31.633333,-60.666667
Bothrops alternatus,-31.633333,-60.7
Bothrops alternatus,-31.633333,-60.583333
Bothrops alternatus,-31.633333,-60.616667
Bothrops alternatus,-31.63257,-60.9961
Bothrops alternatus,-31.631,-60.62
Bothrops alternatus,-31.629654,-60.677637
Bothrops alternatus,-31.617488,-60.673033
Bothrops alternatus,-31.616,-60.673
Bothrops alternatus,-31.615,-60.6
Bothrops alternatus,-31.615,-60.335
Bothrops alternatus,-31.614,-60.701
Bothrops alternatus,-31.613478,-60.668902
Bothrops alternatus,-31.611,-60.665
Bothrops alternatus,-31.610877,-60.665012
Bothrops alternatus,-31.606611,-57.87414
Bothrops alternatus,-31.603296,-60.664959
Bothrops alternatus,-31.603,-60.665
Bothrops alternatus,-31.602387,-60.664177
Bothrops alternatus,-31.6,-60.578
Bothrops alternatus,-31.6,-60.566667
Bothrops alternatus,-31.6,-57.883333
Bothrops alternatus,-31.599,-60.585
Bothrops alternatus,-31.583333,-60.283333
Bothrops alternatus,-31.583333,-63.5333
Bothrops alternatus,-31.583333,-65.05
Bothrops alternatus,-31.5783,-53.3811
Bothrops alternatus,-31.575,-53.383333
Bothrops alternatus,-31.572,-60.544
Bothrops alternatus,-31.567,-60.696
Bothrops alternatus,-31.566667,-60.433333
Bothrops alternatus,-31.56666,-60.26666
Bothrops alternatus,-31.561823,-60.637369
Bothrops alternatus,-31.560922,-60.304965
Bothrops alternatus,-31.558352,-60.305056
Bothrops alternatus,-31.5581,-53.6725
Bothrops alternatus,-31.558,-60.305
Bothrops alternatus,-31.55455,-59.76785
Bothrops alternatus,-31.55,-61.55
Bothrops alternatus,-31.55,-60.55
Bothrops alternatus,-31.55,-53.716667
Bothrops alternatus,-31.533333,-63.3833
Bothrops alternatus,-31.531,-59.838
Bothrops alternatus,-31.52476,-60.47897
Bothrops alternatus,-31.51715,-60.46746
Bothrops alternatus,-31.51683,-60.4627
Bothrops alternatus,-31.516667,-60.366667
Bothrops alternatus,-31.516667,-60.766667
Bothrops alternatus,-31.516667,-59.833333
Bothrops alternatus,-31.515,-60.668
Bothrops alternatus,-31.51405,-60.4627
Bothrops alternatus,-31.51404,-60.46266
Bothrops alternatus,-31.513111,-60.450762
Bothrops alternatus,-31.513,-59.838
Bothrops alternatus,-31.51065,-60.45747
Bothrops alternatus,-31.506628,-60.451373
Bothrops alternatus,-31.501,-60.449
Bothrops alternatus,-31.5,-60.45
Bothrops alternatus,-31.5,-60.433333
Bothrops alternatus,-31.5,-60.733333
Bothrops alternatus,-31.5,-58.166667
Bothrops alternatus,-31.5,-58.133333
Bothrops alternatus,-31.498,-58.135
Bothrops alternatus,-31.496103,-60.759356
Bothrops alternatus,-31.49072,-61.69756
Bothrops alternatus,-31.483333,-60.366667
Bothrops alternatus,-31.483333,-65.05
Bothrops alternatus,-31.47837,-60.41602
Bothrops alternatus,-31.46777,-60.40378
Bothrops alternatus,-31.466667,-60.6
Bothrops alternatus,-31.466667,-60.166667
Bothrops alternatus,-31.466667,-60.383333
Bothrops alternatus,-31.466667,-60.916667
Bothrops alternatus,-31.465,-60.166
Bothrops alternatus,-31.45,-60.366667
Bothrops alternatus,-31.45,-64.3667
Bothrops alternatus,-31.44479,-60.19864
Bothrops alternatus,-31.444,-60.933
Bothrops alternatus,-31.433333,-62.0833
Bothrops alternatus,-31.433333,-60.633333
Bothrops alternatus,-31.433,-61.685
Bothrops alternatus,-31.432,-60.601
Bothrops alternatus,-31.417,-61.084
Bothrops alternatus,-31.4167,-54.4167
Bothrops alternatus,-31.416667,-63.05
Bothrops alternatus,-31.416667,-57.466667
Bothrops alternatus,-31.416667,-63.5833
Bothrops alternatus,-31.416667,-63.1833
Bothrops alternatus,-31.416667,-62.9833
Bothrops alternatus,-31.416667,-60.666667
Bothrops alternatus,-31.416667,-61.4
Bothrops alternatus,-31.415,-60.332
Bothrops alternatus,-31.40623,-62.42097
Bothrops alternatus,-31.4,-62.3167
Bothrops alternatus,-31.4,-62.316667
Bothrops alternatus,-31.4,-60.333333
Bothrops alternatus,-31.4,-64.1833
Bothrops alternatus,-31.4,-63.3333
Bothrops alternatus,-31.4,-62.6333
Bothrops alternatus,-31.383333,-60.366667
Bothrops alternatus,-31.383333,-63.4167
Bothrops alternatus,-31.383333,-62.8
Bothrops alternatus,-31.381,-61.018
Bothrops alternatus,-31.375383,-57.557273
Bothrops alternatus,-31.366667,-58.016667
Bothrops alternatus,-31.366667,-51.966667
Bothrops alternatus,-31.366667,-60.916667
Bothrops alternatus,-31.366667,-64.5667
Bothrops alternatus,-31.366667,-65.116667
Bothrops alternatus,-31.366667,-60.3
Bothrops alternatus,-31.364187,-64.17982
Bothrops alternatus,-31.36412,-60.30974
Bothrops alternatus,-31.35,-60.3
Bothrops alternatus,-31.35,-60.2
Bothrops alternatus,-31.35,-64.9667
Bothrops alternatus,-31.348,-60.37
Bothrops alternatus,-31.342,-54.0861
Bothrops alternatus,-31.33858,-60.30538
Bothrops alternatus,-31.33464,-60.3041
Bothrops alternatus,-31.333333,-65.0833
Bothrops alternatus,-31.333333,-61.433333
Bothrops alternatus,-31.333333,-59.333333
Bothrops alternatus,-31.333333,-60.283333
Bothrops alternatus,-31.333333,-60.366667
Bothrops alternatus,-31.333333,-54.1
Bothrops alternatus,-31.333333,-63.6167
Bothrops alternatus,-31.3314,-54.1069
Bothrops alternatus,-31.3288,-54.1016
Bothrops alternatus,-31.31746,-60.28382
Bothrops alternatus,-31.31689,-60.28226
Bothrops alternatus,-31.316667,-60.366667
Bothrops alternatus,-31.316667,-65.0833
Bothrops alternatus,-31.316667,-62.8333
Bothrops alternatus,-31.316667,-60.283333
Bothrops alternatus,-31.31248,-60.27116
Bothrops alternatus,-31.30942,-60.26836
Bothrops alternatus,-31.30498,-60.26632
Bothrops alternatus,-31.301021,-60.2634
Bothrops alternatus,-31.301,-60.665
Bothrops alternatus,-31.3,-60.366667
Bothrops alternatus,-31.3,-60.283333
Bothrops alternatus,-31.3,-60.266667
Bothrops alternatus,-31.29791,-60.26108
Bothrops alternatus,-31.29729,-60.26035
Bothrops alternatus,-31.292,-60.255
Bothrops alternatus,-31.287,-60.253
Bothrops alternatus,-31.283333,-63.4167
Bothrops alternatus,-31.283333,-60.25
Bothrops alternatus,-31.283333,-64.4
Bothrops alternatus,-31.27772,-60.24784
Bothrops alternatus,-31.27573,-60.24772
Bothrops alternatus,-31.274,-58.002
Bothrops alternatus,-31.266667,-64.1667
Bothrops alternatus,-31.266667,-61.483333
Bothrops alternatus,-31.266,-60.762
Bothrops alternatus,-31.264,-61.052
Bothrops alternatus,-31.26003,-60.2476
Bothrops alternatus,-31.25,-60.25
Bothrops alternatus,-31.25,-62.35
Bothrops alternatus,-31.25,-60.533333
Bothrops alternatus,-31.249,-61.218
Bothrops alternatus,-31.248,-60.245
Bothrops alternatus,-31.245833,-54.15
Bothrops alternatus,-31.24566,-60.24694
Bothrops alternatus,-31.24475,-60.24652
Bothrops alternatus,-31.2426,-60.24555
Bothrops alternatus,-31.236,-59.229
Bothrops alternatus,-31.23373,-60.24126
Bothrops alternatus,-31.233333,-60.233333
Bothrops alternatus,-31.233333,-60.533333
Bothrops alternatus,-31.23042,-60.23747
Bothrops alternatus,-31.22964,-60.23582
Bothrops alternatus,-31.22079,-60.18753
Bothrops alternatus,-31.21946,-60.16454
Bothrops alternatus,-31.21832,-60.20202
Bothrops alternatus,-31.21809,-60.20571
Bothrops alternatus,-31.216741,-57.933246
Bothrops alternatus,-31.216667,-60.183333
Bothrops alternatus,-31.216667,-60.166667
Bothrops alternatus,-31.216667,-60.216667
Bothrops alternatus,-31.2,-60.166667
Bothrops alternatus,-31.199,-60.934
Bothrops alternatus,-31.183333,-63.5833
Bothrops alternatus,-31.183333,-65.1
Bothrops alternatus,-31.183333,-60.133333
Bothrops alternatus,-31.181,-60.751
Bothrops alternatus,-31.178412,-57.891268
Bothrops alternatus,-31.166667,-64.3333
Bothrops alternatus,-31.166667,-57.933333
Bothrops alternatus,-31.152482,-50.937923
Bothrops alternatus,-31.15246,-60.30471
Bothrops alternatus,-31.15,-63.3833
Bothrops alternatus,-31.133333,-60.983333
Bothrops alternatus,-31.133333,-60.116667
Bothrops alternatus,-31.131,-60.119
Bothrops alternatus,-31.116667,-63.5833
Bothrops alternatus,-31.116667,-64.75
Bothrops alternatus,-31.115,-60.885
Bothrops alternatus,-31.1069,-50.9211
Bothrops alternatus,-31.1,-57.783333
Bothrops alternatus,-31.099,-60.568
Bothrops alternatus,-31.098,-60.09
Bothrops alternatus,-31.098,-60.568
Bothrops alternatus,-31.083333,-63.5
Bothrops alternatus,-31.083333,-60.083333
Bothrops alternatus,-31.067,-60.533
Bothrops alternatus,-31.06667,-58.6
Bothrops alternatus,-31.066667,-64.3
Bothrops alternatus,-31.066,-60.734
Bothrops alternatus,-31.058517,-57.848448
Bothrops alternatus,-31.05479,-58.99816
Bothrops alternatus,-31.054,-61.172
Bothrops alternatus,-31.053889,-57.717778
Bothrops alternatus,-31.05,-63.85
Bothrops alternatus,-31.05,-63.8833
Bothrops alternatus,-31.048,-60.085
Bothrops alternatus,-31.02978,-58.94479
Bothrops alternatus,-31.01631,-58.91697
Bothrops alternatus,-31.016,-60.302
Bothrops alternatus,-31,-62.6667
Bothrops alternatus,-30.992,-60.066667
Bothrops alternatus,-30.983333,-59
Bothrops alternatus,-30.983333,-61.016667
Bothrops alternatus,-30.9828,-54.6731
Bothrops alternatus,-30.979109,-58.840626
Bothrops alternatus,-30.966667,-60.483333
Bothrops alternatus,-30.966667,-58.583333
Bothrops alternatus,-30.966667,-59.733333
Bothrops alternatus,-30.965,-60.468
Bothrops alternatus,-30.965,-60.068
Bothrops alternatus,-30.95,-63.2667
Bothrops alternatus,-30.95,-58.783333
Bothrops alternatus,-30.95,-58.8
Bothrops alternatus,-30.946388,-57.82483
Bothrops alternatus,-30.933333,-59.783333
Bothrops alternatus,-30.933333,-58.8
Bothrops alternatus,-30.928,-58.069
Bothrops alternatus,-30.925682,-58.811908
Bothrops alternatus,-30.916667,-60.05
Bothrops alternatus,-30.915,-51.4978
Bothrops alternatus,-30.904365,-57.805628
Bothrops alternatus,-30.9,-62.6667
Bothrops alternatus,-30.9,-62.2333
Bothrops alternatus,-30.899,-60.019
Bothrops alternatus,-30.883333,-63.1333
Bothrops alternatus,-30.875,-53.116667
Bothrops alternatus,-30.8719,-53.1153
Bothrops alternatus,-30.869,-61.355
Bothrops alternatus,-30.866667,-62.0333
Bothrops alternatus,-30.866667,-62.9833
Bothrops alternatus,-30.86567,-58.70732
Bothrops alternatus,-30.865548,-60.969031
Bothrops alternatus,-30.85717,-60.024
Bothrops alternatus,-30.852981,-57.608657
Bothrops alternatus,-30.85233,-60.97307
Bothrops alternatus,-30.8511,-51.8122
Bothrops alternatus,-30.85,-51.8
Bothrops alternatus,-30.85,-64.25
Bothrops alternatus,-30.85,-59.566667
Bothrops alternatus,-30.833333,-60.016667
Bothrops alternatus,-30.827289,-57.617221
Bothrops alternatus,-30.816667,-63.7167
Bothrops alternatus,-30.8131,-53.895
Bothrops alternatus,-30.808333,-53.9
Bothrops alternatus,-30.801597,-57.7885
Bothrops alternatus,-30.8,-62.1667
Bothrops alternatus,-30.799,-60.017
Bothrops alternatus,-30.787,-60.586
Bothrops alternatus,-30.78682,-58.63451
Bothrops alternatus,-30.783333,-62.916667
Bothrops alternatus,-30.775905,-57.711424
Bothrops alternatus,-30.77,-59.996
Bothrops alternatus,-30.766667,-57.983333
Bothrops alternatus,-30.766667,-63.4167
Bothrops alternatus,-30.766667,-60.066667
Bothrops alternatus,-30.75,-59.6
Bothrops alternatus,-30.75,-57.983333
Bothrops alternatus,-30.739699,-50.607861
Bothrops alternatus,-30.735,-59.641
Bothrops alternatus,-30.734,-58.588
Bothrops alternatus,-30.733333,-59.966667
Bothrops alternatus,-30.732,-60.968
Bothrops alternatus,-30.716667,-63.7167
Bothrops alternatus,-30.716667,-63.2
Bothrops alternatus,-30.7,-64.0667
Bothrops alternatus,-30.7,-62
Bothrops alternatus,-30.69796,-61.12882
Bothrops alternatus,-30.6873,-61.19784
Bothrops alternatus,-30.6873,-61.34422
Bothrops alternatus,-30.687,-61.198
Bothrops alternatus,-30.683333,-51.4
Bothrops alternatus,-30.683333,-59.383333
Bothrops alternatus,-30.682,-61.052
Bothrops alternatus,-30.6733,-51.3958
Bothrops alternatus,-30.671,-61.218
Bothrops alternatus,-30.666667,-59.55
Bothrops alternatus,-30.65,-60.233333
Bothrops alternatus,-30.634,-59.585
Bothrops alternatus,-30.633333,-57.966667
Bothrops alternatus,-30.616667,-63.9
Bothrops alternatus,-30.615,-59.953
Bothrops alternatus,-30.6,-57.766667
Bothrops alternatus,-30.59957,-59.9468
Bothrops alternatus,-30.587498,-57.677168
Bothrops alternatus,-30.583333,-59.916667
Bothrops alternatus,-30.581,-60.484
Bothrops alternatus,-30.577,-59.926
Bothrops alternatus,-30.566667,-64
Bothrops alternatus,-30.566667,-63.7167
Bothrops alternatus,-30.561806,-57.677168
Bothrops alternatus,-30.55,-59.933333
Bothrops alternatus,-30.55,-52.533333
Bothrops alternatus,-30.55,-63.5167
Bothrops alternatus,-30.549,-60.75
Bothrops alternatus,-30.5439,-52.5219
Bothrops alternatus,-30.536114,-57.83132
Bothrops alternatus,-30.532,-61.185
Bothrops alternatus,-30.532,-61.969
Bothrops alternatus,-30.531,-61.035
Bothrops alternatus,-30.501858,-57.839884
Bothrops alternatus,-30.49914,-59.50902
Bothrops alternatus,-30.489971,-62.734074
Bothrops alternatus,-30.483333,-63.9667
Bothrops alternatus,-30.467,-60.169
Bothrops alternatus,-30.466667,-51.6
Bothrops alternatus,-30.4603,-51.6033
Bothrops alternatus,-30.442,-58.958
Bothrops alternatus,-30.423,-52.3115
Bothrops alternatus,-30.416667,-58.883333
Bothrops alternatus,-30.416667,-57.433333
Bothrops alternatus,-30.393,-61.644
Bothrops alternatus,-30.3917,-51.2
Bothrops alternatus,-30.39,-61.645
Bothrops alternatus,-30.388889,-50.319444
Bothrops alternatus,-30.38512,-59.957065
Bothrops alternatus,-30.3849,-50.3293
Bothrops alternatus,-30.383333,-51.2
Bothrops alternatus,-30.381963,-57.385993
Bothrops alternatus,-30.378,-58.75
Bothrops alternatus,-30.377,-59.75
Bothrops alternatus,-30.366667,-59.95
Bothrops alternatus,-30.365,-60.401
Bothrops alternatus,-30.359,-61.917
Bothrops alternatus,-30.35,-63.5833
Bothrops alternatus,-30.35,-59.966667
Bothrops alternatus,-30.3364,-54.32
Bothrops alternatus,-30.335985,-50.494588
Bothrops alternatus,-30.335974,-50.494607
Bothrops alternatus,-30.334291,-50.494575
Bothrops alternatus,-30.333333,-58.216667
Bothrops alternatus,-30.333333,-54.316667
Bothrops alternatus,-30.333333,-50.283333
Bothrops alternatus,-30.333155,-50.494406
Bothrops alternatus,-30.329,-59.978
Bothrops alternatus,-30.327,-50.2792
Bothrops alternatus,-30.32596,-50.490935
Bothrops alternatus,-30.325124,-50.490609
Bothrops alternatus,-30.3251,-58.29523
Bothrops alternatus,-30.323874,-50.490018
Bothrops alternatus,-30.316558,-50.487506
Bothrops alternatus,-30.314,-59.976
Bothrops alternatus,-30.312,-61.237
Bothrops alternatus,-30.3,-59.016667
Bothrops alternatus,-30.298,-59.535
Bothrops alternatus,-30.2911,-51.3011
Bothrops alternatus,-30.2842,-51.0165
Bothrops alternatus,-30.283702,-50.477779
Bothrops alternatus,-30.283333,-51.016667
Bothrops alternatus,-30.283333,-64.3833
Bothrops alternatus,-30.280833,-50.263333
Bothrops alternatus,-30.274167,-50.308889
Bothrops alternatus,-30.2722,-50.2812
Bothrops alternatus,-30.270631,-57.600093
Bothrops alternatus,-30.2667,-53.9333
Bothrops alternatus,-30.266667,-59.966667
Bothrops alternatus,-30.2666,-52.85
Bothrops alternatus,-30.26237,-58.22831
Bothrops alternatus,-30.258333,-52.8
Bothrops alternatus,-30.2583,-54.9142
Bothrops alternatus,-30.258,-54.914
Bothrops alternatus,-30.2578,-50.5097
Bothrops alternatus,-30.25,-54.916667
Bothrops alternatus,-30.25,-51.5
Bothrops alternatus,-30.25,-53.058333
Bothrops alternatus,-30.25,-61.75
Bothrops alternatus,-30.2475,-50.2328
Bothrops alternatus,-30.243236,-54.921394
Bothrops alternatus,-30.2359,-51.1011
Bothrops alternatus,-30.233333,-60.633333
Bothrops alternatus,-30.227811,-57.582965
Bothrops alternatus,-30.225,-52.941667
Bothrops alternatus,-30.223,-59.947
Bothrops alternatus,-30.222778,-59.237778
Bothrops alternatus,-30.22198,-58.18491
Bothrops alternatus,-30.217778,-50.303056
Bothrops alternatus,-30.2149,-51.1764
Bothrops alternatus,-30.2138,-51.0367
Bothrops alternatus,-30.2125,-50.303056
Bothrops alternatus,-30.205556,-51.4
Bothrops alternatus,-30.2019,-50.3452
Bothrops alternatus,-30.2,-59.95
Bothrops alternatus,-30.1914,-52.3736
Bothrops alternatus,-30.183333,-52.375
Bothrops alternatus,-30.183333,-53.266667
Bothrops alternatus,-30.183333,-59.916667
Bothrops alternatus,-30.1833,-53.1833
Bothrops alternatus,-30.1811,-50.2056
Bothrops alternatus,-30.16797,-61.18433
Bothrops alternatus,-30.1671,-51.2187
Bothrops alternatus,-30.166667,-63.616667
Bothrops alternatus,-30.166667,-59.916667
Bothrops alternatus,-30.166667,-59.9
Bothrops alternatus,-30.151,-60.325
Bothrops alternatus,-30.15,-59.883333
Bothrops alternatus,-30.15,-63.5833
Bothrops alternatus,-30.1355,-50.898
Bothrops alternatus,-30.1197,-51.9622
Bothrops alternatus,-30.116667,-63.85
Bothrops alternatus,-30.116667,-51.95
Bothrops alternatus,-30.116,-60.888
Bothrops alternatus,-30.1139,-51.325
Bothrops alternatus,-30.1091,-51.6494
Bothrops alternatus,-30.1071,-50.9505
Bothrops alternatus,-30.1,-51.65
Bothrops alternatus,-30.099,-61.802
Bothrops alternatus,-30.095,-61.171
Bothrops alternatus,-30.089722,-58.676944
Bothrops alternatus,-30.08619,-58.786644
Bothrops alternatus,-30.0849,-51.0203
Bothrops alternatus,-30.0839,-51.6161
Bothrops alternatus,-30.083333,-51.033333
Bothrops alternatus,-30.083333,-58.783333
Bothrops alternatus,-30.0811,-51.0233
Bothrops alternatus,-30.0809,-51.019
Bothrops alternatus,-30.0772,-51.7292
Bothrops alternatus,-30.066,-60.485
Bothrops alternatus,-30.0622,-51.0196
Bothrops alternatus,-30.062,-51.1753
Bothrops alternatus,-30.058333,-52.966667
Bothrops alternatus,-30.0407,-50.994
Bothrops alternatus,-30.0392,-52.8939
Bothrops alternatus,-30.034,-60.128
Bothrops alternatus,-30.033333,-52.9
Bothrops alternatus,-30.0331,-51.23
Bothrops alternatus,-30.032,-60.302
Bothrops alternatus,-30.0185,-51.2589
Bothrops alternatus,-30.017,-61.217
Bothrops alternatus,-30.016667,-51.883333
Bothrops alternatus,-30.016667,-59.85
Bothrops alternatus,-30.016667,-52.858333
Bothrops alternatus,-30.0154,-52.8757
Bothrops alternatus,-30.015,-61.586
Bothrops alternatus,-30.014167,-52.879444
Bothrops alternatus,-30.0003,-53.4992
Bothrops alternatus,-30,-50.133333
Bothrops alternatus,-30,-53.5
Bothrops alternatus,-29.9974,-61.10539
Bothrops alternatus,-29.996487,-51.156236
Bothrops alternatus,-29.996,-51.1271
Bothrops alternatus,-29.9939,-51.1711
Bothrops alternatus,-29.99,-51.0836
Bothrops alternatus,-29.9897,-52.3781
Bothrops alternatus,-29.9847,-50.1336
Bothrops alternatus,-29.9834,-51.2499
Bothrops alternatus,-29.983333,-50.191667
Bothrops alternatus,-29.98,-59.831
Bothrops alternatus,-29.9753,-50.1281
Bothrops alternatus,-29.9667,-51.6167
Bothrops alternatus,-29.966667,-59.833333
Bothrops alternatus,-29.963889,-53.002778
Bothrops alternatus,-29.9592,-51.7222
Bothrops alternatus,-29.958333,-52.883333
Bothrops alternatus,-29.9547,-51.6253
Bothrops alternatus,-29.9511,-51.0939
Bothrops alternatus,-29.95,-51.1
Bothrops alternatus,-29.95,-51.616667
Bothrops alternatus,-29.95,-54.95
Bothrops alternatus,-29.9444,-50.9919
Bothrops alternatus,-29.9433,-51.7181
Bothrops alternatus,-29.941667,-51.716667
Bothrops alternatus,-29.9366,-51.8986
Bothrops alternatus,-29.9358,-51.0166
Bothrops alternatus,-29.9346,-51.1249
Bothrops alternatus,-29.933333,-51.061111
Bothrops alternatus,-29.933333,-59.833333
Bothrops alternatus,-29.933333,-51
Bothrops alternatus,-29.933333,-51.7
Bothrops alternatus,-29.933333,-51.9
Bothrops alternatus,-29.933,-59.833
Bothrops alternatus,-29.930556,-52.865278
Bothrops alternatus,-29.92758,-59.886302
Bothrops alternatus,-29.9183,-50.101
Bothrops alternatus,-29.9178,-51.1836
Bothrops alternatus,-29.916667,-51.183333
Bothrops alternatus,-29.916667,-59.833
Bothrops alternatus,-29.9121,-51.8226
Bothrops alternatus,-29.905532,-50.246506
Bothrops alternatus,-29.905,-51.7603
Bothrops alternatus,-29.9,-60.3
Bothrops alternatus,-29.9,-50.266667
Bothrops alternatus,-29.9,-60.302
Bothrops alternatus,-29.9,-63.7167
Bothrops alternatus,-29.8998,-51.1622
Bothrops alternatus,-29.89909,-59.82942
Bothrops alternatus,-29.89871,-59.82894
Bothrops alternatus,-29.8867,-50.2697
Bothrops alternatus,-29.885382,-50.201576
Bothrops alternatus,-29.884,-54.825
Bothrops alternatus,-29.8836,-54.825
Bothrops alternatus,-29.883333,-61.95
Bothrops alternatus,-29.883333,-54.825
Bothrops alternatus,-29.883333,-50.783333
Bothrops alternatus,-29.882,-61.229
Bothrops alternatus,-29.882,-61.299
Bothrops alternatus,-29.8806,-50.7831
Bothrops alternatus,-29.874543,-50.149351
Bothrops alternatus,-29.874411,-50.094244
Bothrops alternatus,-29.872361,-50.139998
Bothrops alternatus,-29.872331,-50.125976
Bothrops alternatus,-29.872052,-50.138303
Bothrops alternatus,-29.8677,-50.9658
Bothrops alternatus,-29.866667,-53.091667
Bothrops alternatus,-29.866667,-51.383333
Bothrops alternatus,-29.8614,-51.1792
Bothrops alternatus,-29.858333,-51.183333
Bothrops alternatus,-29.8567,-51.2739
Bothrops alternatus,-29.8537,-58.07289
Bothrops alternatus,-29.8508,-50.9167
Bothrops alternatus,-29.85,-54.928333
Bothrops alternatus,-29.833333,-50.516667
Bothrops alternatus,-29.82952,-58.08341
Bothrops alternatus,-29.825,-50.925
Bothrops alternatus,-29.8247,-51.1483
Bothrops alternatus,-29.8175,-50.5197
Bothrops alternatus,-29.817372,-50.065006
Bothrops alternatus,-29.816667,-62.8
Bothrops alternatus,-29.816667,-51.916667
Bothrops alternatus,-29.816667,-53.475
Bothrops alternatus,-29.816667,-53.383333
Bothrops alternatus,-29.816667,-64.25
Bothrops alternatus,-29.8,-51.866667
Bothrops alternatus,-29.8,-53.066667
Bothrops alternatus,-29.7997,-51.8644
Bothrops alternatus,-29.79043,-59.79089
Bothrops alternatus,-29.783333,-53.1
Bothrops alternatus,-29.783333,-58.05
Bothrops alternatus,-29.783333,-55.783333
Bothrops alternatus,-29.7831,-55.7919
Bothrops alternatus,-29.774961,-50.054001
Bothrops alternatus,-29.767,-62.033
Bothrops alternatus,-29.766667,-51.15
Bothrops alternatus,-29.766667,-57.083333
Bothrops alternatus,-29.766667,-59.783333
Bothrops alternatus,-29.766667,-62.033333
Bothrops alternatus,-29.766667,-53.083333
Bothrops alternatus,-29.7603,-51.1472
Bothrops alternatus,-29.7547,-57.0883
Bothrops alternatus,-29.745833,-51.105556
Bothrops alternatus,-29.7456,-50.0097
Bothrops alternatus,-29.736306,-50.177102
Bothrops alternatus,-29.7353,-52.9483
Bothrops alternatus,-29.733333,-52.95
Bothrops alternatus,-29.733333,-51.183333
Bothrops alternatus,-29.733333,-53.183333
Bothrops alternatus,-29.72926,-58.0795
Bothrops alternatus,-29.72153,-57.2379
Bothrops alternatus,-29.7175,-52.4258
Bothrops alternatus,-29.716667,-50.783333
Bothrops alternatus,-29.716667,-52.433333
Bothrops alternatus,-29.716667,-53.716667
Bothrops alternatus,-29.7125,-51.075
Bothrops alternatus,-29.7098,-53.7166
Bothrops alternatus,-29.707,-51.1938
Bothrops alternatus,-29.702238,-50.005263
Bothrops alternatus,-29.7017,-51.2419
Bothrops alternatus,-29.7,-61.6
Bothrops alternatus,-29.7,-51.462222
Bothrops alternatus,-29.7,-51.325
Bothrops alternatus,-29.7,-51.233333
Bothrops alternatus,-29.7,-51.3247
Bothrops alternatus,-29.7,-50.861111
Bothrops alternatus,-29.695664,-50.002227
Bothrops alternatus,-29.6917,-54.6794
Bothrops alternatus,-29.6888,-51.2353
Bothrops alternatus,-29.6886,-51.4611
Bothrops alternatus,-29.688005,-61.60472
Bothrops alternatus,-29.6842,-53.8069
Bothrops alternatus,-29.683333,-51.466667
Bothrops alternatus,-29.683333,-51.133333
Bothrops alternatus,-29.683333,-54.683333
Bothrops alternatus,-29.680556,-51.05
Bothrops alternatus,-29.6789,-51.0533
Bothrops alternatus,-29.6783,-51.1306
Bothrops alternatus,-29.675833,-58.363333
Bothrops alternatus,-29.673615,-49.989951
Bothrops alternatus,-29.670278,-58.614722
Bothrops alternatus,-29.6692,-52.7889
Bothrops alternatus,-29.6686,-53.1489
Bothrops alternatus,-29.6544,-52.9336
Bothrops alternatus,-29.652778,-52.933333
Bothrops alternatus,-29.6506,-50.7806
Bothrops alternatus,-29.65,-51.183333
Bothrops alternatus,-29.65,-54.008333
Bothrops alternatus,-29.6483,-51.1739
Bothrops alternatus,-29.6462,-51.1721
Bothrops alternatus,-29.641667,-55.361667
Bothrops alternatus,-29.6381,-51.0069
Bothrops alternatus,-29.633333,-51
Bothrops alternatus,-29.633181,-49.963632
Bothrops alternatus,-29.632406,-50.101066
Bothrops alternatus,-29.627778,-51.172222
Bothrops alternatus,-29.616667,-58.166667
Bothrops alternatus,-29.6089,-51.9431
Bothrops alternatus,-29.6,-51.166667
Bothrops alternatus,-29.5911,-51.1606
Bothrops alternatus,-29.58629,-58.13853
Bothrops alternatus,-29.583333,-51.366667
Bothrops alternatus,-29.583333,-50.066667
Bothrops alternatus,-29.583333,-59.766667
Bothrops alternatus,-29.58333,-63.116661
Bothrops alternatus,-29.5803,-51.0853
Bothrops alternatus,-29.5514,-49.8889
Bothrops alternatus,-29.55,-64.1333
Bothrops alternatus,-29.55,-62.28333
Bothrops alternatus,-29.53776,-57.13549
Bothrops alternatus,-29.536084,-49.915605
Bothrops alternatus,-29.53485,-57.1316
Bothrops alternatus,-29.530833,-51.481944
Bothrops alternatus,-29.5306,-51.2481
Bothrops alternatus,-29.5205,-49.906148
Bothrops alternatus,-29.508333,-56.7
Bothrops alternatus,-29.5,-59.766667
Bothrops alternatus,-29.499,-61.702
Bothrops alternatus,-29.4981,-50.9928
Bothrops alternatus,-29.494167,-57.568611
Bothrops alternatus,-29.4855,-49.8661
Bothrops alternatus,-29.4802,-49.837
Bothrops alternatus,-29.467,-60.217
Bothrops alternatus,-29.466667,-49.833333
Bothrops alternatus,-29.4481,-50.5836
Bothrops alternatus,-29.448,-51.806
Bothrops alternatus,-29.4383,-51.5114
Bothrops alternatus,-29.433333,-59.75
Bothrops alternatus,-29.423611,-50.3875
Bothrops alternatus,-29.405556,-50.291667
Bothrops alternatus,-29.402309,-49.789254
Bothrops alternatus,-29.4,-62.78333
Bothrops alternatus,-29.4,-62.783
Bothrops alternatus,-29.395833,-50.316667
Bothrops alternatus,-29.391,-60.555
Bothrops alternatus,-29.386126,-49.780141
Bothrops alternatus,-29.383333,-49.833333
Bothrops alternatus,-29.383333,-51.866667
Bothrops alternatus,-29.38281,-58.2497
Bothrops alternatus,-29.3764,-51.1144
Bothrops alternatus,-29.3694,-49.8497
Bothrops alternatus,-29.366667,-50.816667
Bothrops alternatus,-29.3656,-50.8156
Bothrops alternatus,-29.358709,-49.769379
Bothrops alternatus,-29.35,-49.733333
Bothrops alternatus,-29.3353,-49.7269
Bothrops alternatus,-29.300556,-58.645833
Bothrops alternatus,-29.3,-59.7
Bothrops alternatus,-29.266667,-58.65
Bothrops alternatus,-29.233333,-61.783333
Bothrops alternatus,-29.233333,-59.6
Bothrops alternatus,-29.232792,-61.771368
Bothrops alternatus,-29.227,-61.771
Bothrops alternatus,-29.2269,-53.6817
Bothrops alternatus,-29.216667,-59.583333
Bothrops alternatus,-29.2125,-56.2375
Bothrops alternatus,-29.20802,-59.62466
Bothrops alternatus,-29.1936,-50.1064
Bothrops alternatus,-29.1917,-54.8672
Bothrops alternatus,-29.183333,-58.083333
Bothrops alternatus,-29.183333,-61.083333
Bothrops alternatus,-29.182676,-58.078909
Bothrops alternatus,-29.1728,-60.94607
Bothrops alternatus,-29.1681,-51.1794
Bothrops alternatus,-29.166667,-50.108333
Bothrops alternatus,-29.144,-59.269
Bothrops alternatus,-29.1428,-56.065
Bothrops alternatus,-29.133333,-56.55
Bothrops alternatus,-29.133333,-59.25
Bothrops alternatus,-29.1305,-50.0988
Bothrops alternatus,-29.12991,-59.92773
Bothrops alternatus,-29.1253,-56.5531
Bothrops alternatus,-29.125,-51.008333
Bothrops alternatus,-29.125,-56.553
Bothrops alternatus,-29.106111,-58.361944
Bothrops alternatus,-29.102045,-50.190604
Bothrops alternatus,-29.1,-56.55
Bothrops alternatus,-29.072222,-57.099167
Bothrops alternatus,-29.066667,-58.616667
Bothrops alternatus,-29.066667,-50.975
Bothrops alternatus,-29.05,-50.15
Bothrops alternatus,-29.0478,-50.1447
Bothrops alternatus,-29.04432,-57.80604
Bothrops alternatus,-29.021,-60.309
Bothrops alternatus,-29.02052,-60.308978
Bothrops alternatus,-29.016667,-61.833333
Bothrops alternatus,-29.01,-57.563056
Bothrops alternatus,-29,-53.783333
Bothrops alternatus,-28.983333,-62.133333
Bothrops alternatus,-28.983333,-59.116667
Bothrops alternatus,-28.983,-63.433
Bothrops alternatus,-28.983,-62.133
Bothrops alternatus,-28.971908,-60.50573
Bothrops alternatus,-28.95,-61.6
Bothrops alternatus,-28.9361,-51.5494
Bothrops alternatus,-28.934,-61.717
Bothrops alternatus,-28.933333,-59.616667
Bothrops alternatus,-28.933333,-50.65
Bothrops alternatus,-28.9,-62.267
Bothrops alternatus,-28.8847,-50.3578
Bothrops alternatus,-28.883333,-62.266667
Bothrops alternatus,-28.8466,-57.23753
Bothrops alternatus,-28.8457,-50.7366
Bothrops alternatus,-28.833333,-56.483333
Bothrops alternatus,-28.82517,-60.28472
Bothrops alternatus,-28.82236,-58.86474
Bothrops alternatus,-28.8183,-52.5103
Bothrops alternatus,-28.8178,-53.3875
Bothrops alternatus,-28.7839,-51.61
Bothrops alternatus,-28.783333,-52
Bothrops alternatus,-28.783333,-58.783333
Bothrops alternatus,-28.758333,-51.475
Bothrops alternatus,-28.758333,-51.5
Bothrops alternatus,-28.7572,-51.4728
Bothrops alternatus,-28.75,-62.466667
Bothrops alternatus,-28.745833,-51.75
Bothrops alternatus,-28.73257,-57.48621
Bothrops alternatus,-28.73,-54.9003
Bothrops alternatus,-28.7236,-51.7047
Bothrops alternatus,-28.71536,-59.38683
Bothrops alternatus,-28.7,-62.53333
Bothrops alternatus,-28.687222,-57.404722
Bothrops alternatus,-28.684444,-57.395278
Bothrops alternatus,-28.674722,-57.376667
Bothrops alternatus,-28.67259,-57.37399
Bothrops alternatus,-28.671,-59.848
Bothrops alternatus,-28.6678,-50.4167
Bothrops alternatus,-28.665833,-58.236667
Bothrops alternatus,-28.663056,-57.435278
Bothrops alternatus,-28.656,-56.009
Bothrops alternatus,-28.653056,-57.357778
Bothrops alternatus,-28.65,-53.6
Bothrops alternatus,-28.648611,-57.480278
Bothrops alternatus,-28.6442,-50.6372
Bothrops alternatus,-28.6431,-55.989
Bothrops alternatus,-28.641667,-57.37
Bothrops alternatus,-28.641667,-55.991667
Bothrops alternatus,-28.6386,-53.6064
Bothrops alternatus,-28.633333,-53.083333
Bothrops alternatus,-28.6306,-51.5717
Bothrops alternatus,-28.6275,-53.0897
Bothrops alternatus,-28.6247,-52.5114
Bothrops alternatus,-28.61667,-63.28333
Bothrops alternatus,-28.616667,-61.667
Bothrops alternatus,-28.6,-62.95
Bothrops alternatus,-28.566667,-58.716667
Bothrops alternatus,-28.55,-56.05
Bothrops alternatus,-28.54609,-57.19581
Bothrops alternatus,-28.5408,-51.6903
Bothrops alternatus,-28.53767,-57.18304
Bothrops alternatus,-28.5358,-52.4642
Bothrops alternatus,-28.533333,-59.366667
Bothrops alternatus,-28.53307,-57.17984
Bothrops alternatus,-28.532068,-57.17758
Bothrops alternatus,-28.531806,-56.053032
Bothrops alternatus,-28.531274,-56.053013
Bothrops alternatus,-28.531,-56.053
Bothrops alternatus,-28.525,-57.119722
Bothrops alternatus,-28.523,-57.177
Bothrops alternatus,-28.52271,-57.11587
Bothrops alternatus,-28.5122,-50.9339
Bothrops alternatus,-28.50431,-57.08195
Bothrops alternatus,-28.500471,-56.053616
Bothrops alternatus,-28.5,-50.933333
Bothrops alternatus,-28.48958,-57.04934
Bothrops alternatus,-28.482,-59.362
Bothrops alternatus,-28.468889,-59
Bothrops alternatus,-28.46667,-61.85
Bothrops alternatus,-28.466667,-62.116667
Bothrops alternatus,-28.466667,-52.833333
Bothrops alternatus,-28.464863,-56.02391
Bothrops alternatus,-28.46,-62.85
Bothrops alternatus,-28.4592,-52.8208
Bothrops alternatus,-28.45,-61.733333
Bothrops alternatus,-28.433889,-56.972778
Bothrops alternatus,-28.42823,-56.49247
Bothrops alternatus,-28.412222,-56.937778
Bothrops alternatus,-28.4083,-54.9608
Bothrops alternatus,-28.408,-54.961
Bothrops alternatus,-28.4,-59.702
Bothrops alternatus,-28.4,-62.383
Bothrops alternatus,-28.36682,-56.84237
Bothrops alternatus,-28.3583,-53.2472
Bothrops alternatus,-28.33333,-64.6
Bothrops alternatus,-28.300833,-56.788333
Bothrops alternatus,-28.3,-64.2
Bothrops alternatus,-28.298,-61.551
Bothrops alternatus,-28.291667,-49.933333
Bothrops alternatus,-28.291667,-56.781389
Bothrops alternatus,-28.284,-52.786
Bothrops alternatus,-28.2839,-52.7864
Bothrops alternatus,-28.280556,-53.052778
Bothrops alternatus,-28.266667,-58.616667
Bothrops alternatus,-28.266667,-52.416667
Bothrops alternatus,-28.26448,-59.9821
Bothrops alternatus,-28.2628,-52.4067
Bothrops alternatus,-28.2575,-54.615
Bothrops alternatus,-28.256,-57.401
Bothrops alternatus,-28.25,-52.333333
Bothrops alternatus,-28.249,-58.679
Bothrops alternatus,-28.24734,-56.73893
Bothrops alternatus,-28.233,-59.461
Bothrops alternatus,-28.233,-61.533333
Bothrops alternatus,-28.21667,-61.96667
Bothrops alternatus,-28.216667,-51.525
Bothrops alternatus,-28.21,-55.743
Bothrops alternatus,-28.2086,-51.5258
Bothrops alternatus,-28.18333,-64.2
Bothrops alternatus,-28.1486,-54.7381
Bothrops alternatus,-28.135,-57.94
Bothrops alternatus,-28.116667,-55.616667
Bothrops alternatus,-28.11316,-59.94426
Bothrops alternatus,-28.08683,-61.663
Bothrops alternatus,-28.081944,-56.573889
Bothrops alternatus,-28.066667,-56.033333
Bothrops alternatus,-28.0592,-52.6772
Bothrops alternatus,-28.05,-55.2
Bothrops alternatus,-28.0447,-55.1989
Bothrops alternatus,-28.031,-55.252
Bothrops alternatus,-28.008056,-56.021111
Bothrops alternatus,-27.983333,-52.258333
Bothrops alternatus,-27.983333,-55.516667
Bothrops alternatus,-27.955983,-59.201303
Bothrops alternatus,-27.95,-58.8
Bothrops alternatus,-27.95,-62
Bothrops alternatus,-27.933333,-57.9
Bothrops alternatus,-27.93333,-62.16667
Bothrops alternatus,-27.916667,-55.75
Bothrops alternatus,-27.9056,-55.1375
Bothrops alternatus,-27.902,-55.141
Bothrops alternatus,-27.9,-55.133333
Bothrops alternatus,-27.9,-55.75
Bothrops alternatus,-27.883333,-55.9
Bothrops alternatus,-27.883333,-59.933333
Bothrops alternatus,-27.883333,-55.133333
Bothrops alternatus,-27.867,-61.833
Bothrops alternatus,-27.865,-59.951
Bothrops alternatus,-27.857222,-56.905833
Bothrops alternatus,-27.833619,-61.136856
Bothrops alternatus,-27.823611,-56.848056
Bothrops alternatus,-27.816667,-50.333333
Bothrops alternatus,-27.783,-64.283
Bothrops alternatus,-27.77162,-55.80566
Bothrops alternatus,-27.766667,-55.783333
Bothrops alternatus,-27.762222,-57.841944
Bothrops alternatus,-27.761111,-57.8525
Bothrops alternatus,-27.758889,-57.8825
Bothrops alternatus,-27.756111,-57.913333
Bothrops alternatus,-27.755833,-57.311667
Bothrops alternatus,-27.750556,-57.9775
Bothrops alternatus,-27.750019,-57.616688
Bothrops alternatus,-27.75,-57.617
Bothrops alternatus,-27.733333,-55.583333
Bothrops alternatus,-27.716667,-57.233333
Bothrops alternatus,-27.716667,-57.633333
Bothrops alternatus,-27.673,-60.907
Bothrops alternatus,-27.663611,-58.270833
Bothrops alternatus,-27.6569,-54.4403
Bothrops alternatus,-27.644175,-62.415554
Bothrops alternatus,-27.633333,-54.916667
Bothrops alternatus,-27.633333,-56.383333
Bothrops alternatus,-27.63333,-62.41667
Bothrops alternatus,-27.61667,-62.16667
Bothrops alternatus,-27.616667,-56.433333
Bothrops alternatus,-27.6002,-56.603
Bothrops alternatus,-27.6,-56.683333
Bothrops alternatus,-27.6,-55.316667
Bothrops alternatus,-27.6,-56.7
Bothrops alternatus,-27.583333,-54.85
Bothrops alternatus,-27.583333,-57.2
Bothrops alternatus,-27.58333,-61.95
Bothrops alternatus,-27.576,-60.712
Bothrops alternatus,-27.570761,-56.7247
Bothrops alternatus,-27.566667,-58.733333
Bothrops alternatus,-27.561111,-56.813333
Bothrops alternatus,-27.533333,-51.416667
Bothrops alternatus,-27.529167,-57.934722
Bothrops alternatus,-27.52,-56.742222
Bothrops alternatus,-27.516667,-60.166667
Bothrops alternatus,-27.5,-59.566667
Bothrops alternatus,-27.483333,-56.716667
Bothrops alternatus,-27.483333,-55.116667
Bothrops alternatus,-27.483,-56.717
Bothrops alternatus,-27.478333,-56.942778
Bothrops alternatus,-27.466667,-58.85
Bothrops alternatus,-27.466667,-58.95
Bothrops alternatus,-27.466667,-55.733333
Bothrops alternatus,-27.453115,-58.840304
Bothrops alternatus,-27.45,-59
Bothrops alternatus,-27.45,-55.833333
Bothrops alternatus,-27.416667,-58.6
Bothrops alternatus,-27.416667,-58.633333
Bothrops alternatus,-27.416667,-56.5
Bothrops alternatus,-27.416667,-59.45
Bothrops alternatus,-27.40481,-58.59764
Bothrops alternatus,-27.383333,-55.583333
Bothrops alternatus,-27.383333,-55.9
Bothrops alternatus,-27.383333,-57.716667
Bothrops alternatus,-27.370556,-58.478056
Bothrops alternatus,-27.3675,-58.379722
Bothrops alternatus,-27.366667,-55.9
Bothrops alternatus,-27.366667,-57.716667
Bothrops alternatus,-27.366667,-58.516667
Bothrops alternatus,-27.35,-58.8
Bothrops alternatus,-27.35,-58.65
Bothrops alternatus,-27.316667,-55.533333
Bothrops alternatus,-27.316632,-55.533371
Bothrops alternatus,-27.2875,-50.624444
Bothrops alternatus,-27.283333,-60.416667
Bothrops alternatus,-27.266667,-55.533333
Bothrops alternatus,-27.20001,-65.38332
Bothrops alternatus,-27.183333,-55.45
Bothrops alternatus,-27.15,-55.416667
Bothrops alternatus,-27.133333,-55.433333
Bothrops alternatus,-27.133333,-55.4
Bothrops alternatus,-27.133333,-57.633333
Bothrops alternatus,-27.133333,-58.15
Bothrops alternatus,-27.1,-57.583333
Bothrops alternatus,-27.097222,-49.630556
Bothrops alternatus,-27.066667,-58.7
Bothrops alternatus,-26.966667,-60.966667
Bothrops alternatus,-26.9,-51.075
Bothrops alternatus,-26.866667,-58.3
Bothrops alternatus,-26.866667,-60.233333
Bothrops alternatus,-26.86,-58.298
Bothrops alternatus,-26.85,-58.3
Bothrops alternatus,-26.833333,-59.633333
Bothrops alternatus,-26.8,-60.45
Bothrops alternatus,-26.78334,-65.38332
Bothrops alternatus,-26.683333,-60.733333
Bothrops alternatus,-26.593996,-62.842646
Bothrops alternatus,-26.483333,-51.983333
Bothrops alternatus,-26.466,-58.694
Bothrops alternatus,-26.25,-58.633333
Bothrops alternatus,-26.233333,-51.091667
Bothrops alternatus,-26.233333,-51.083333
Bothrops alternatus,-26.216667,-57.2
Bothrops alternatus,-26.216667,-57.05
Bothrops alternatus,-26.185201,-58.17537
Bothrops alternatus,-26.183333,-58.183333
Bothrops alternatus,-26.177,-50.39
Bothrops alternatus,-26.166667,-58.933333
Bothrops alternatus,-26.116667,-50.3
Bothrops alternatus,-26.090261,-56.8376
Bothrops alternatus,-26.085,-50.405
Bothrops alternatus,-26.083333,-56.766667
Bothrops alternatus,-26.071389,-50.586944
Bothrops alternatus,-26.016667,-56.833333
Bothrops alternatus,-26.015189,-58.941788
Bothrops alternatus,-25.931944,-49.745556
Bothrops alternatus,-25.866667,-50.383333
Bothrops alternatus,-25.816667,-49.15
Bothrops alternatus,-25.791667,-52.108333
Bothrops alternatus,-25.791667,-52.083333
Bothrops alternatus,-25.783333,-52.1125
Bothrops alternatus,-25.766667,-49.716667
Bothrops alternatus,-25.75,-58.25
Bothrops alternatus,-25.70742,-51.63307
Bothrops alternatus,-25.7,-51.65
Bothrops alternatus,-25.666667,-58.4
Bothrops alternatus,-25.649167,-51.939444
Bothrops alternatus,-25.644444,-51.955556
Bothrops alternatus,-25.623972,-57.150417
Bothrops alternatus,-25.593,-49.41
Bothrops alternatus,-25.583333,-49.25
Bothrops alternatus,-25.583333,-49.633333
Bothrops alternatus,-25.583333,-49.783333
Bothrops alternatus,-25.583333,-49.4
Bothrops alternatus,-25.580556,-49.641667
Bothrops alternatus,-25.55,-54.583333
Bothrops alternatus,-25.55,-49.891667
Bothrops alternatus,-25.533333,-49.2
Bothrops alternatus,-25.525,-49.308333
Bothrops alternatus,-25.523553,-59.116255
Bothrops alternatus,-25.50489,-57.361371
Bothrops alternatus,-25.5,-49.05
Bothrops alternatus,-25.5,-49.883333
Bothrops alternatus,-25.483333,-49.966667
Bothrops alternatus,-25.466667,-49.533333
Bothrops alternatus,-25.458333,-49.333333
Bothrops alternatus,-25.458333,-49.241667
Bothrops alternatus,-25.457639,-58.567228
Bothrops alternatus,-25.45,-56.85
Bothrops alternatus,-25.429,-50.006
Bothrops alternatus,-25.416667,-54.633333
Bothrops alternatus,-25.416667,-50
Bothrops alternatus,-25.416667,-50.55
Bothrops alternatus,-25.416667,-49.266667
Bothrops alternatus,-25.416667,-49.170833
Bothrops alternatus,-25.416667,-54.583333
Bothrops alternatus,-25.383333,-51.466667
Bothrops alternatus,-25.370843,-54.597139
Bothrops alternatus,-25.366667,-50.458333
Bothrops alternatus,-25.283333,-50.233333
Bothrops alternatus,-25.283333,-57.716667
Bothrops alternatus,-25.282197,-57.6351
Bothrops alternatus,-25.266667,-57.483333
Bothrops alternatus,-25.25,-50
Bothrops alternatus,-25.246806,-57.643139
Bothrops alternatus,-25.216667,-50.983333
Bothrops alternatus,-25.2,-58.183333
Bothrops alternatus,-25.183333,-57.616667
Bothrops alternatus,-25.183333,-57.5
Bothrops alternatus,-25.183333,-50.158333
Bothrops alternatus,-25.166667,-58.2
Bothrops alternatus,-25.166667,-58.233333
Bothrops alternatus,-25.15,-58.233333
Bothrops alternatus,-25.086394,-57.529437
Bothrops alternatus,-25.083333,-50.166667
Bothrops alternatus,-25.066667,-50.166667
Bothrops alternatus,-25.063115,-55.924617
Bothrops alternatus,-25.026292,-57.55555
Bothrops alternatus,-25.025,-50.583333
Bothrops alternatus,-24.966667,-58.566667
Bothrops alternatus,-24.966667,-49.966667
Bothrops alternatus,-24.95,-50.116667
Bothrops alternatus,-24.933601,-57.561833
Bothrops alternatus,-24.883333,-49.9
Bothrops alternatus,-24.88308,-57.699161
Bothrops alternatus,-24.864782,-60.226566
Bothrops alternatus,-24.8,-50
Bothrops alternatus,-24.773475,-57.825215
Bothrops alternatus,-24.744118,-57.904083
Bothrops alternatus,-24.733333,-53.733333
Bothrops alternatus,-24.690116,-57.968088
Bothrops alternatus,-24.533333,-49.933333
Bothrops alternatus,-24.516667,-50.416667
Bothrops alternatus,-24.5,-56.683333
Bothrops alternatus,-24.420833,-49.854167
Bothrops alternatus,-24.366667,-50
Bothrops alternatus,-24.333333,-50.633333
Bothrops alternatus,-24.3,-50.6
Bothrops alternatus,-24.25,-49.933333
Bothrops alternatus,-24.25,-49.716667
Bothrops alternatus,-24.175,-49.666667
Bothrops alternatus,-24.083333,-54.25
Bothrops alternatus,-24.033333,-52.366667
Bothrops alternatus,-24.033333,-50.458333
Bothrops alternatus,-23.983333,-49.433333
Bothrops alternatus,-23.883333,-54.266667
Bothrops alternatus,-23.8,-48.6
Bothrops alternatus,-23.766667,-53.883333
Bothrops alternatus,-23.7625,-48.5458
Bothrops alternatus,-23.7625,-48.545833
Bothrops alternatus,-23.633333,-48.15
Bothrops alternatus,-23.608333,-48.445833
Bothrops alternatus,-23.6083,-48.4458
Bothrops alternatus,-23.603611,-48.173611
Bothrops alternatus,-23.592,-48.053
Bothrops alternatus,-23.583333,-48.05
Bothrops alternatus,-23.516667,-57.516667
Bothrops alternatus,-23.508333,-53.733333
Bothrops alternatus,-23.5,-48.416667
Bothrops alternatus,-23.5,-47.45
Bothrops alternatus,-23.411111,-47.913889
Bothrops alternatus,-23.4,-57.433333
Bothrops alternatus,-23.35,-47.85
Bothrops alternatus,-23.283333,-47.666667
Bothrops alternatus,-23.275,-52.816667
Bothrops alternatus,-23.1,-48.616667
Bothrops alternatus,-23.099,-48.926
Bothrops alternatus,-23.083333,-52.45
Bothrops alternatus,-23.025,-48.808333
Bothrops alternatus,-23,-48.683333
Bothrops alternatus,-22.904167,-47.025
Bothrops alternatus,-22.9,-47.05
Bothrops alternatus,-22.883333,-48.45
Bothrops alternatus,-22.883333,-48.483333
Bothrops alternatus,-22.883333,-48.433333
Bothrops alternatus,-22.771667,-46.989444
Bothrops alternatus,-22.766667,-47.15
Bothrops alternatus,-22.75,-47.333333
Bothrops alternatus,-22.733333,-47.066667
Bothrops alternatus,-22.716667,-46.766667
Bothrops alternatus,-22.6697,-53.43112
Bothrops alternatus,-22.658333,-52.858333
Bothrops alternatus,-22.633333,-47.183333
Bothrops alternatus,-22.604167,-46.944444
Bothrops alternatus,-22.533333,-55.716667
Bothrops alternatus,-22.520833,-46.95
Bothrops alternatus,-22.508333,-53.0125
Bothrops alternatus,-22.488,-53.351
Bothrops alternatus,-22.484525,-60.614927
Bothrops alternatus,-22.483333,-47.466667
Bothrops alternatus,-22.483333,-47.216667
Bothrops alternatus,-22.483333,-53.35
Bothrops alternatus,-22.466667,-46.016667
Bothrops alternatus,-22.45,-46.016667
Bothrops alternatus,-22.433333,-46.95
Bothrops alternatus,-22.433333,-46.816667
Bothrops alternatus,-22.4333,-46.95
Bothrops alternatus,-22.423611,-47.416667
Bothrops alternatus,-22.391667,-46.741667
Bothrops alternatus,-22.366667,-46.95
Bothrops alternatus,-22.366667,-47.383333
Bothrops alternatus,-22.35,-48.783333
Bothrops alternatus,-22.35,-48.7833
Bothrops alternatus,-22.316667,-49.05
Bothrops alternatus,-22.314722,-49.060556
Bothrops alternatus,-22.266667,-47.916667
Bothrops alternatus,-22.25,-43.7
Bothrops alternatus,-22.25,-52.683333
Bothrops alternatus,-22.233333,-47.883333
Bothrops alternatus,-22.233333,-45.933333
Bothrops alternatus,-22.233333,-53.333333
Bothrops alternatus,-22.221,-54.806
Bothrops alternatus,-22.216667,-47.883333
Bothrops alternatus,-22.216667,-54.8
Bothrops alternatus,-22.2042,-49.275
Bothrops alternatus,-22.204167,-49.275
Bothrops alternatus,-22.2,-46.616667
Bothrops alternatus,-22.2,-46.75
Bothrops alternatus,-22.183333,-52.716667
Bothrops alternatus,-22.183333,-47.383333
Bothrops alternatus,-22.166667,-46.179167
Bothrops alternatus,-22.116667,-43.2
Bothrops alternatus,-22.066667,-48.733333
Bothrops alternatus,-21.983333,-44.608333
Bothrops alternatus,-21.983333,-44.933333
Bothrops alternatus,-21.966667,-45.35
Bothrops alternatus,-21.966667,-46.8
Bothrops alternatus,-21.966667,-44.6
Bothrops alternatus,-21.9,-49.016667
Bothrops alternatus,-21.9,-45.016667
Bothrops alternatus,-21.883333,-45.016667
Bothrops alternatus,-21.833333,-45.4
Bothrops alternatus,-21.833333,-52.183333
Bothrops alternatus,-21.8,-48.166667
Bothrops alternatus,-21.783333,-46.566667
Bothrops alternatus,-21.783333,-46.55
Bothrops alternatus,-21.783333,-48.566667
Bothrops alternatus,-21.7833,-48.5667
Bothrops alternatus,-21.7667,-52.1167
Bothrops alternatus,-21.7667,-47.0833
Bothrops alternatus,-21.766667,-52.116667
Bothrops alternatus,-21.766667,-47.083333
Bothrops alternatus,-21.75,-52.2
Bothrops alternatus,-21.731248,-47.497343
Bothrops alternatus,-21.716667,-52.416667
Bothrops alternatus,-21.7,-45.25
Bothrops alternatus,-21.683333,-45.916667
Bothrops alternatus,-21.666667,-45.916667
Bothrops alternatus,-21.603,-48.366
Bothrops alternatus,-21.6,-47.79
Bothrops alternatus,-21.6,-48.816667
Bothrops alternatus,-21.55,-47.7
Bothrops alternatus,-21.55,-45.433333
Bothrops alternatus,-21.55,-45.733333
Bothrops alternatus,-21.533333,-51.95
Bothrops alternatus,-21.5,-45.55
Bothrops alternatus,-21.47928,-56.4346
Bothrops alternatus,-21.479275,-56.434602
Bothrops alternatus,-21.4667,-47
Bothrops alternatus,-21.466667,-45.216667
Bothrops alternatus,-21.466667,-47
Bothrops alternatus,-21.466667,-49.216667
Bothrops alternatus,-21.45,-45.216667
Bothrops alternatus,-21.445833,-45.5125
Bothrops alternatus,-21.4458,-45.5125
Bothrops alternatus,-21.433333,-45.95
Bothrops alternatus,-21.429167,-45.947222
Bothrops alternatus,-21.416667,-46.4
Bothrops alternatus,-21.408333,-45.833333
Bothrops alternatus,-21.4,-48.5
Bothrops alternatus,-21.4,-45.816667
Bothrops alternatus,-21.3667,-48.0667
Bothrops alternatus,-21.366667,-48.066667
Bothrops alternatus,-21.366667,-45.516667
Bothrops alternatus,-21.366667,-51.866667
Bothrops alternatus,-21.358333,-46.15
Bothrops alternatus,-21.325,-48.6333
Bothrops alternatus,-21.325,-48.633333
Bothrops alternatus,-21.316667,-48.133333
Bothrops alternatus,-21.315833,-42.65
Bothrops alternatus,-21.3158,-42.65
Bothrops alternatus,-21.3,-42.633333
Bothrops alternatus,-21.266667,-48.316667
Bothrops alternatus,-21.233333,-48.8
Bothrops alternatus,-21.2333,-48.8
Bothrops alternatus,-21.22,-48.442778
Bothrops alternatus,-21.216667,-43.766667
Bothrops alternatus,-21.166667,-48.633333
Bothrops alternatus,-21.133333,-48.966667
Bothrops alternatus,-21.133333,-47
Bothrops alternatus,-21.1333,-47
Bothrops alternatus,-21.108333,-45.833333
Bothrops alternatus,-21.108333,-48.179167
Bothrops alternatus,-21.1083,-48.1792
Bothrops alternatus,-21.1,-46.2
Bothrops alternatus,-21.1,-48.125
Bothrops alternatus,-21.054722,-48.476111
Bothrops alternatus,-21.0547,-48.4761
Bothrops alternatus,-21.033333,-44.75
Bothrops alternatus,-21.009,-48.222
Bothrops alternatus,-20.966667,-49.033333
Bothrops alternatus,-20.95,-48.483333
Bothrops alternatus,-20.914983,-54.251221
Bothrops alternatus,-20.9,-48.65
Bothrops alternatus,-20.9,-45.2667
Bothrops alternatus,-20.9,-44.066667
Bothrops alternatus,-20.9,-45.266667
Bothrops alternatus,-20.866667,-48.283333
Bothrops alternatus,-20.808333,-48.8
Bothrops alternatus,-20.791667,-51.6375
Bothrops alternatus,-20.789,-48.33
Bothrops alternatus,-20.783333,-51.65
Bothrops alternatus,-20.783333,-48.333333
Bothrops alternatus,-20.7833,-48.3333
Bothrops alternatus,-20.733333,-48.05
Bothrops alternatus,-20.7167,-48.5333
Bothrops alternatus,-20.716667,-48.533333
Bothrops alternatus,-20.713,-48.541
Bothrops alternatus,-20.6853,-48.575
Bothrops alternatus,-20.685278,-48.575
Bothrops alternatus,-20.666667,-43.8
Bothrops alternatus,-20.66,-48.9225
Bothrops alternatus,-20.65,-43.783333
Bothrops alternatus,-20.5939,-48.5569
Bothrops alternatus,-20.593889,-48.556944
Bothrops alternatus,-20.55,-43.75
Bothrops alternatus,-20.533333,-47.4
Bothrops alternatus,-20.516667,-43.7
Bothrops alternatus,-20.5,-56.583333
Bothrops alternatus,-20.483453,-53.266786
Bothrops alternatus,-20.483443,-54.661619
Bothrops alternatus,-20.466667,-55.783333
Bothrops alternatus,-20.466667,-55.8
Bothrops alternatus,-20.466667,-54.616667
Bothrops alternatus,-20.464708,-54.657462
Bothrops alternatus,-20.4647,-54.6575
Bothrops alternatus,-20.443505,-54.647759
Bothrops alternatus,-20.443,-54.646
Bothrops alternatus,-20.442,-54.86
Bothrops alternatus,-20.44,-48.5547
Bothrops alternatus,-20.44,-48.554722
Bothrops alternatus,-20.433333,-54.633333
Bothrops alternatus,-20.433333,-54.866667
Bothrops alternatus,-20.433333,-54.85
Bothrops alternatus,-20.42,-51.34
Bothrops alternatus,-20.25,-46.416667
Bothrops alternatus,-20,-46.225
Bothrops alternatus,-19.9,-48.383333
Bothrops alternatus,-19.7556,-55.8633
Bothrops alternatus,-19.6167,-44.05
Bothrops alternatus,-19.616667,-44.033333
Bothrops alternatus,-19.616667,-44.05
Bothrops alternatus,-19.35,-47.3
Bothrops alternatus,-19.283861,-48.120889
Bothrops alternatus,-19.283333,-43.566667
Bothrops alternatus,-19.245833,-47.775
Bothrops alternatus,-18.916667,-48.283333
Bothrops alternatus,-18.31,-52.910278
Bothrops alternatus,-18.3,-52.970278
Bothrops alternatus,-18.283333,-52.966667
Bothrops alternatus,-18.27,-52.896944
Bothrops alternatus,-18.26,-52.888889
Bothrops alternatus,-18.25,-52.885
Bothrops alternatus,-18.24,-53.010833
Bothrops alternatus,-18.23,-52.837222
Bothrops alternatus,-18.19,-52.87
Bothrops alternatus,-18.1,-52.9225
Bothrops alternatus,-18.1,-53.116389
Bothrops cotiara,-26.98333333,-54.46666667
Bothrops cotiara,-26.25,-53.65
Bothrops cotiara,-26.33333333,-53.73333333
Bothrops cotiara,-26.40833333,-52.36666667
Bothrops cotiara,-26.225,-52.03333333
Bothrops cotiara,-25.94583333,-51.2625
Bothrops cotiara,-25.9,-51.1
Bothrops cotiara,-26.01666667,-51.35
Bothrops cotiara,-26.06666667,-53.05
Bothrops cotiara,-26.375,-51.25833333
Bothrops cotiara,-26.43333333,-51.31666667
Bothrops cotiara,-23.85,-50.18333333
Bothrops cotiara,-25.575,-51.075
Bothrops cotiara,-25.46666667,-50.65
Bothrops cotiara,-25.95,-50.85
Bothrops cotiara,-25.93333333,-50.93333333
Bothrops cotiara,-25.88333333,-50.83333333
Bothrops cotiara,-26.35,-52.55
Bothrops cotiara,-26.15,-53.03333333
Bothrops cotiara,-26.56666667,-51.51666667
Bothrops cotiara,-26.48333333,-51.98333333
Bothrops cotiara,-26.23333333,-52.66666667
Bothrops cotiara,-26.05,-50.83333333
Bothrops cotiara,-25.94444444,-51.6875
Bothrops cotiara,-25.7,-51.39166667
Bothrops cotiara,-24.53333333,-49.93333333
Bothrops cotiara,-26.15833333,-51.23333333
Bothrops cotiara,-25.45,-52.9
Bothrops cotiara,-25.91666667,-51.9
Bothrops cotiara,-25.84166667,-52.15833333
Bothrops cotiara,-25.85416667,-52.00833333
Bothrops cotiara,-25.71666667,-50.78333333
Bothrops cotiara,-26.275,-51.15
Bothrops cotiara,-26.09166667,-51.16666667
Bothrops cotiara,-26.23333333,-51.09166667
Bothrops cotiara,-26.26666667,-52.78333333
Bothrops cotiara,-29.16666667,-50.10833333
Bothrops cotiara,-28.625,-52.03888889
Bothrops cotiara,-29.16666667,-51.16666667
Bothrops cotiara,-27.63333333,-52.28333333
Bothrops cotiara,-27.88333333,-52.25833333
Bothrops cotiara,-28.88333333,-50.35833333
Bothrops cotiara,-28.675,-51.60833333
Bothrops cotiara,-29.28333333,-50.16666667
Bothrops cotiara,-29.45,-50.58333333
Bothrops cotiara,-27.98333333,-52.25833333
Bothrops cotiara,-28.93333333,-51.55
Bothrops cotiara,-27.61666667,-51.025
Bothrops cotiara,-26.93333333,-51.33333333
Bothrops cotiara,-27.075,-52.45833333
Bothrops cotiara,-27.8,-49.49166667
Bothrops cotiara,-26.78333333,-51.01666667
Bothrops cotiara,-26.6,-51.1
Bothrops cotiara,-27.4,-51.21666667
Bothrops cotiara,-26.16666667,-50.4
Bothrops cotiara,-27.35277778,-51.73333333
Bothrops cotiara,-27.06666667,-51.66666667
Bothrops cotiara,-27.03333333,-50.91666667
Bothrops cotiara,-27.175,-51.5
Bothrops cotiara,-27.09166667,-51.36666667
Bothrops cotiara,-27.16666667,-51.50833333
Bothrops cotiara,-27.13333333,-51.46666667
Bothrops cotiara,-26.36666667,-50.33333333
Bothrops cotiara,-26.475,-51.15
Bothrops cotiara,-27.21666667,-50.98333333
Bothrops cotiara,-26.45833333,-50.23333333
Bothrops cotiara,-27.375,-51.90833333
Bothrops cotiara,-27.04166667,-51.225
Bothrops cotiara,-26.26527778,-51.075
Bothrops cotiara,-26.28888889,-50.93611111
Bothrops cotiara,-26.31333333,-51.06666667
Bothrops cotiara,-26.38333333,-50.98333333
Bothrops cotiara,-26.38333333,-50.88333333
Bothrops cotiara,-26.23333333,-51.08333333
Bothrops cotiara,-26.9375,-51.10666667
Bothrops cotiara,-26.9,-51.075
Bothrops cotiara,-28.29166667,-49.93333333
Bothrops cotiara,-28.34166667,-49.93333333
Bothrops cotiara,-27.1625,-52.42361111
Bothrops cotiara,-27.1,-51.25
Bothrops cotiara,-27.93277778,-49.57277778
Bothrops cotiara,-26.875,-51.79166667
Bothrops cotiara,-26.95,-51.175
Bothrops cotiara,-27,-51.15
Bothrops cotiara,-27.06666667,-52.34166667
Bothrops cotiara,-27.932778,-49.572778
Bothrops cotiara,-26.783333,-51.016667
Bothrops cotiara,-26.15,-53.033333
Bothrops cotiara,-26.775,-51.015
Bothrops cotiara,-27.375,-51.908333
Bothrops cotiara,-26.233333,-51.091667
Bothrops cotiara,-27.075,-52.458333
Bothrops cotiara,-27.066667,-52.341667
Bothrops cotiara,-28.933333,-51.55
Bothrops cotiara,-29.45,-50.583333
Bothrops cotiara,-25.428,-49.273
Bothrops cotiara,-28.675,-51.608333
Bothrops cotiara,-26.383333,-50.983333
Bothrops cotiara,-27.026846,-54.587661
Bothrops cotiara,-26.233333,-51.083333
Bothrops cotiara,-28.5611,-51.9783
Bothrops cotiara,-28.6442,-50.6372
Bothrops cotiara,-26.216667,-52.033333
Bothrops cotiara,-26.066667,-53.05
Bothrops cotiara,-28.9361,-51.5494
Bothrops cotiara,-29.4481,-50.5836
Bothrops cotiara,-26.566667,-51.516667
Bothrops cotiara,-27.98,-52.26
Bothrops cotiara,-27.797,-49.489
Bothrops cotiara,-24.116667,-49.333333
Bothrops cotiara,-28.291667,-49.933333
Bothrops cotiara,-26.288889,-50.936111
Bothrops cotiara,-25.944444,-51.6875
Bothrops cotiara,-27.066667,-51.666667
Bothrops cotiara,-27.633333,-52.283333
Bothrops cotiara,-26.933333,-51.333333
Bothrops cotiara,-25.916667,-51.9
Bothrops cotiara,-27.223,-50.98
Bothrops cotiara,-28.7483,-50.0658
Bothrops cotiara,-26.6,-51.097
Bothrops cotiara,-29.166667,-50.108333
Bothrops cotiara,-26.933,-51.339
Bothrops cotiara,-27.634,-52.274
Bothrops cotiara,-26.899,-51.074
Bothrops cotiara,-27.194,-51.495
Bothrops cotiara,-25.883333,-50.833333
Bothrops cotiara,-25.433333,-49.283333
Bothrops cotiara,-27.352778,-51.733333
Bothrops cotiara,-27.091667,-51.366667
Bothrops cotiara,-27.1625,-52.423611
Bothrops cotiara,-26.016667,-51.35
Bothrops cotiara,-26.266667,-52.783333
Bothrops cotiara,-29.166667,-51.166667
Bothrops cotiara,-25.841667,-52.158333
Bothrops cotiara,-28.294,-49.932
Bothrops cotiara,-27.344,-51.612
Bothrops cotiara,-26.177,-50.39
Bothrops cotiara,-26.158333,-51.233333
Bothrops cotiara,-28.35,-49.966667
Bothrops cotiara,-27.373,-51.904
Bothrops cotiara,-25.183333,-49.316667
Bothrops cotiara,-27.133333,-51.466667
Bothrops cotiara,-27.041667,-51.225
Bothrops cotiara,-27.033333,-50.916667
Bothrops cotiara,-27.105,-51.247
Bothrops cotiara,-27.4,-51.216667
Bothrops cotiara,-29.1936,-50.1064
Bothrops cotiara,-28.7117,-51.935
Bothrops cotiara,-27.616667,-51.025
Bothrops cotiara,-26.366667,-50.333333
Bothrops cotiara,-26.225,-52.033333
Bothrops cotiara,-26.238,-51.078
Bothrops cotiara,-27.092,-51.365
Bothrops cotiara,-26.23,-51.086
Bothrops cotiara,-26.473,-51.148
Bothrops cotiara,-25.571,-51.079
Bothrops cotiara,-26.458333,-50.233333
Bothrops cotiara,-29.283333,-50.166667
Bothrops cotiara,-26.313333,-51.066667
Bothrops cotiara,-24.533333,-49.933333
Bothrops cotiara,-25.7,-51.391667
Bothrops cotiara,-27.216667,-50.983333
Bothrops cotiara,-25.945833,-51.2625
Bothrops cotiara,-23.4,-49.508333
Bothrops cotiara,-25.9,-50.833333
Bothrops cotiara,-24.116667,-49.466667
Bothrops cotiara,-29.168,-51.179
Bothrops cotiara,-27.133,-51.467
Bothrops cotiara,-25.466667,-50.65
Bothrops cotiara,-25.854167,-52.008333
Bothrops cotiara,-26.233333,-52.666667
Bothrops cotiara,-26.091667,-51.166667
Bothrops cotiara,-27.026,-50.921
Bothrops cotiara,-28.883333,-50.358333
Bothrops cotiara,-28.7839,-51.61
Bothrops cotiara,-26.3667,-51.25
Bothrops cotiara,-25.933333,-50.933333
Bothrops cotiara,-27.192216,-51.495797
Bothrops cotiara,-26.421,-53.835
Bothrops cotiara,-26.462,-50.231
Bothrops cotiara,-26.383333,-50.883333
Bothrops cotiara,-27.883333,-52.258333
Bothrops cotiara,-27.6342,-52.2739
Bothrops cotiara,-26.265278,-51.075
Bothrops cotiara,-26.875,-51.791667
Bothrops cotiara,-26.483333,-51.983333
Bothrops cotiara,-27.166667,-51.508333
Bothrops cotiara,-26.433333,-51.316667
Bothrops cotiara,-26.408333,-52.366667
Bothrops cotiara,-27.8,-49.491667
Bothrops cotiara,-27.192291,-51.495713
Bothrops cotiara,-26.333333,-53.733333
Bothrops cotiara,-26.05,-50.833333
Bothrops cotiara,-23.85,-50.183333
Bothrops cotiara,-25.416667,-49.266667
Bothrops cotiara,-23.316667,-51.166667
Bothrops cotiara,-28.625,-52.038889
Bothrops cotiara,-26.166667,-50.4
Bothrops cotiara,-26.375,-51.258333
Bothrops cotiara,-27.983333,-52.258333
Bothrops cotiara,-26.9375,-51.106667
Bothrops fonsecai,-22.167,-44.392
Bothrops fonsecai,-22.217,-45.267
Bothrops fonsecai,-22.292,-45.225
Bothrops fonsecai,-22.508,-45.283
Bothrops fonsecai,-22.433,-45.467
Bothrops fonsecai,-22.283,-44.867
Bothrops fonsecai,-22.3,-44.933
Bothrops fonsecai,-22,-45.292
Bothrops fonsecai,-22.383,-44.967
Bothrops fonsecai,-22.533,-45.5
Bothrops fonsecai,-21.783,-46.567
Bothrops fonsecai,-22.233,-45.933
Bothrops fonsecai,-22.333,-45.092
Bothrops fonsecai,-22.533,-45.358
Bothrops fonsecai,-22.867,-44.433
Bothrops fonsecai,-22.55,-44.167
Bothrops fonsecai,-22.45,-43.467
Bothrops fonsecai,-22.425,-42.5
Bothrops fonsecai,-22.333,-42.517
Bothrops fonsecai,-22.167,-42.533
Bothrops fonsecai,-23.083,-44.817
Bothrops fonsecai,-22.45,-44.45
Bothrops fonsecai,-22.833,-44.2
Bothrops fonsecai,-22.063,-42.683
Bothrops fonsecai,-22.261,-42.733
Bothrops fonsecai,-22.583,-44.7
Bothrops fonsecai,-22.683,-44.325
Bothrops fonsecai,-22.817,-44.367
Bothrops fonsecai,-22.583,-44.417
Bothrops fonsecai,-22.817,-44.4
Bothrops fonsecai,-22.75,-44.25
Bothrops fonsecai,-22.817,-44.433
Bothrops fonsecai,-21.533,-46.65
Bothrops fonsecai,-22.692,-45.564
Bothrops fonsecai,-22.736,-45.589
Bothrops fonsecai,-22.718,-45.567
Bothrops fonsecai,-22.767,-45.6
Bothrops fonsecai,-22.691,-45.489
Bothrops fonsecai,-22.683,-45.467
Bothrops fonsecai,-22.733,-45.583
Bothrops fonsecai,-23.217,-45.013
Bothrops fonsecai,-22.833,-44.75
Bothrops fonsecai,-23.075,-44.958
Bothrops fonsecai,-22.2,-46.75
Bothrops fonsecai,-22.817,-45.183
Bothrops fonsecai,-22.733,-45.117
Bothrops fonsecai,-22.933,-45.467
Bothrops fonsecai,-22.533,-44.775
Bothrops fonsecai,-22.9,-45.308
Bothrops fonsecai,-22.826,-45.629
Bothrops fonsecai,-22.719,-44.616
Bothrops fonsecai,-22.65,-44.575
Bothrops fonsecai,-22.917,-45.967
Bothrops fonsecai,-23.183,-45.883
Bothrops fonsecai,-23.55,-46.317
Bothrops fonsecai,-23.017,-45.55
Bothrops fonsecai,-22.739,-45.591
Bothrops fonsecai,-22.23,-45.936
Bothrops fonsecai,-22.58,-44.697
Bothrops fonsecai,-22.816667,-45.183333
Bothrops fonsecai,-23.179,-45.887
Bothrops fonsecai,-23.55,-46.316667
Bothrops fonsecai,-22.683333,-45.466667
Bothrops fonsecai,-21.783333,-46.566667
Bothrops fonsecai,-22.282,-42.531
Bothrops fonsecai,-22.261111,-42.733333
Bothrops fonsecai,-22.723,-44.136
Bothrops fonsecai,-22.333333,-45.091667
Bothrops fonsecai,-22.544,-44.171
Bothrops fonsecai,-22.05,-42.675
Bothrops fonsecai,-22.383333,-44.966667
Bothrops fonsecai,-22.766667,-45.6
Bothrops fonsecai,-22.684,-44.323
Bothrops fonsecai,-22.718889,-44.615833
Bothrops fonsecai,-22.433333,-45.466667
Bothrops fonsecai,-21.998,-45.291
Bothrops fonsecai,-22.284,-44.87
Bothrops fonsecai,-22.1425,-44.72861111
Bothrops fonsecai,-23.543,-46.311
Bothrops fonsecai,-22.733333,-45.116667
Bothrops fonsecai,-21.529,-46.644
Bothrops fonsecai,-22.508333,-45.283333
Bothrops fonsecai,-22.645,-44.578
Bothrops fonsecai,-22.216667,-45.266667
Bothrops fonsecai,-21.533333,-46.65
Bothrops fonsecai,-21.788,-46.561
Bothrops fonsecai,-22.212,-45.264
Bothrops fonsecai,-22.533333,-45.5
Bothrops fonsecai,-22.166667,-44.391667
Bothrops fonsecai,-22.55,-44.166667
Bothrops fonsecai,-22.924,-45.462
Bothrops fonsecai,-22.509,-45.28
Bothrops fonsecai,-22.296,-44.935
Bothrops fonsecai,-22.866667,-44.433333
Bothrops fonsecai,-22.333333,-42.516667
Bothrops fonsecai,-22.233333,-45.933333
Bothrops fonsecai,-22.833333,-44.2
Bothrops fonsecai,-22.537,-44.774
Bothrops fonsecai,-22.736111,-45.588889
Bothrops fonsecai,-22.166667,-42.533333
Bothrops fonsecai,-22.533333,-44.775
Bothrops fonsecai,-22.683333,-44.325
Bothrops fonsecai,-22.426,-45.453
Bothrops fonsecai,-22.528,-45.495
Bothrops fonsecai,-22.816,-45.193
Bothrops fonsecai,-22.690833,-45.489167
Bothrops fonsecai,-23.216667,-45.0125
Bothrops fonsecai,-23.016667,-45.55
Bothrops fonsecai,-22.827,-45.663
Bothrops fonsecai,-22.733567,-45.582354
Bothrops fonsecai,-22.0625,-42.683333
Bothrops fonsecai,-23.074,-44.96
Bothrops fonsecai,-22.833333,-44.75
Bothrops fonsecai,-22.731,-45.125
Bothrops fonsecai,-22.9,-45.308333
Bothrops fonsecai,-22.816667,-44.366667
Bothrops fonsecai,-22.898,-45.305
Bothrops fonsecai,-22.39,-44.967
Bothrops fonsecai,-22.933333,-45.466667
Bothrops fonsecai,-22.45,-43.466667
Bothrops fonsecai,-22.168,-44.395
Bothrops fonsecai,-22.583333,-44.7
Bothrops fonsecai,-22.3,-44.933333
Bothrops fonsecai,-22.825556,-45.628889
Bothrops fonsecai,-22.733333,-45.583333
Bothrops fonsecai,-22,-45.291667
Bothrops fonsecai,-22.691667,-45.563889
Bothrops fonsecai,-23.183333,-45.883333
Bothrops fonsecai,-23.026,-45.555
Bothrops fonsecai,-22.533333,-45.358333
Bothrops fonsecai,-22.263611,-42.733333
Bothrops fonsecai,-22.916667,-45.966667
Bothrops fonsecai,-22.534,-45.363
Bothrops fonsecai,-23.075,-44.958333
Bothrops fonsecai,-22.717778,-45.566667
Bothrops fonsecai,-22.283333,-44.866667
Bothrops itapetiningae,-25.095,-50.162
Bothrops itapetiningae,-25.083333,-50.15
Bothrops itapetiningae,-25.083333,-50.166667
Bothrops itapetiningae,-25.083333,-50.383333
Bothrops itapetiningae,-25,-50.1125
Bothrops itapetiningae,-24.95,-50.116667
Bothrops itapetiningae,-24.918,-50.097
Bothrops itapetiningae,-24.916667,-50.083333
Bothrops itapetiningae,-24.287321,-50.139991
Bothrops itapetiningae,-24.179167,-49.615278
Bothrops itapetiningae,-24.175,-49.866667
Bothrops itapetiningae,-24.116667,-49.333333
Bothrops itapetiningae,-24.115,-49.341
Bothrops itapetiningae,-24.113,-49.464
Bothrops itapetiningae,-24.1,-49.316667
Bothrops itapetiningae,-24.1,-49.204167
Bothrops itapetiningae,-24.1,-49.45
Bothrops itapetiningae,-24.083333,-49.066667
Bothrops itapetiningae,-24.083333,-49.2
Bothrops itapetiningae,-24.058333,-48.975
Bothrops itapetiningae,-24.044444,-49.088889
Bothrops itapetiningae,-24.033333,-49.1
Bothrops itapetiningae,-24.025,-48.975
Bothrops itapetiningae,-23.982,-48.876
Bothrops itapetiningae,-23.966667,-48.866667
Bothrops itapetiningae,-23.866667,-49.133333
Bothrops itapetiningae,-23.862,-49.137
Bothrops itapetiningae,-23.85,-49.133333
Bothrops itapetiningae,-23.833333,-46.816667
Bothrops itapetiningae,-23.832,-46.811
Bothrops itapetiningae,-23.683333,-47.733333
Bothrops itapetiningae,-23.641667,-47.825
Bothrops itapetiningae,-23.641,-47.825
Bothrops itapetiningae,-23.592,-48.053
Bothrops itapetiningae,-23.583333,-48.05
Bothrops itapetiningae,-23.5833,-48.05
Bothrops itapetiningae,-23.571636,-48.055246
Bothrops itapetiningae,-23.533333,-46.35
Bothrops itapetiningae,-23.528,-46.345
Bothrops itapetiningae,-23.516667,-46.333333
Bothrops itapetiningae,-23.502,-47.458
Bothrops itapetiningae,-23.5,-47.45
Bothrops itapetiningae,-23.483333,-48.4
Bothrops itapetiningae,-23.389,-48.723
Bothrops itapetiningae,-23.383333,-48.725
Bothrops itapetiningae,-23.383333,-48.383333
Bothrops itapetiningae,-23.333333,-47.733333
Bothrops itapetiningae,-23.102,-48.616
Bothrops itapetiningae,-23.1,-48.25
Bothrops itapetiningae,-23.1,-48.616667
Bothrops itapetiningae,-23.1,-48.6
Bothrops itapetiningae,-23.1,-48.916667
Bothrops itapetiningae,-23.099,-48.926
Bothrops itapetiningae,-23.097222,-48.904722
Bothrops itapetiningae,-23.033333,-49.15
Bothrops itapetiningae,-23.025,-48.808333
Bothrops itapetiningae,-23.003,-49.322
Bothrops itapetiningae,-23,-49.316667
Bothrops itapetiningae,-22.983333,-48.683333
Bothrops itapetiningae,-22.9,-47.033333
Bothrops itapetiningae,-22.890403,-48.4553
Bothrops itapetiningae,-22.886,-48.445
Bothrops itapetiningae,-22.883333,-48.45
Bothrops itapetiningae,-22.883333,-49.616667
Bothrops itapetiningae,-22.815358,-49.237125
Bothrops itapetiningae,-22.733333,-50.383333
Bothrops itapetiningae,-22.716667,-48.566667
Bothrops itapetiningae,-22.666667,-51.083333
Bothrops itapetiningae,-22.666667,-50.416667
Bothrops itapetiningae,-22.662,-50.412
Bothrops itapetiningae,-22.661,-51.076
Bothrops itapetiningae,-22.65,-50.4
Bothrops itapetiningae,-22.6,-48.8
Bothrops itapetiningae,-22.6,-48.983333
Bothrops itapetiningae,-22.599,-48.8
Bothrops itapetiningae,-22.583333,-48.8
Bothrops itapetiningae,-22.569,-48.971
Bothrops itapetiningae,-22.566667,-47.4
Bothrops itapetiningae,-22.565,-47.402
Bothrops itapetiningae,-22.55,-47.4
Bothrops itapetiningae,-22.536,-55.726
Bothrops itapetiningae,-22.533333,-55.716667
Bothrops itapetiningae,-22.527778,-50.5375
Bothrops itapetiningae,-22.525,-48.975
Bothrops itapetiningae,-22.516667,-51.125
Bothrops itapetiningae,-22.469167,-48.9875
Bothrops itapetiningae,-22.469,-48.988
Bothrops itapetiningae,-22.466667,-48.983333
Bothrops itapetiningae,-22.466667,-50.366667
Bothrops itapetiningae,-22.433333,-46.816667
Bothrops itapetiningae,-22.416667,-50.583333
Bothrops itapetiningae,-22.413,-50.576
Bothrops itapetiningae,-22.411,-47.561
Bothrops itapetiningae,-22.4,-50.566667
Bothrops itapetiningae,-22.4,-47.55
Bothrops itapetiningae,-22.4,-47.566667
Bothrops itapetiningae,-22.372,-46.942
Bothrops itapetiningae,-22.366667,-46.95
Bothrops itapetiningae,-22.366667,-46.933333
Bothrops itapetiningae,-22.35,-51.95
Bothrops itapetiningae,-22.316667,-49.05
Bothrops itapetiningae,-22.315,-49.061
Bothrops itapetiningae,-22.314722,-49.060556
Bothrops itapetiningae,-22.3075,-48.995278
Bothrops itapetiningae,-22.292,-51.906
Bothrops itapetiningae,-22.284167,-48.126667
Bothrops itapetiningae,-22.284,-48.127
Bothrops itapetiningae,-22.283333,-48.116667
Bothrops itapetiningae,-22.279072,-47.805319
Bothrops itapetiningae,-22.253,-47.823
Bothrops itapetiningae,-22.25,-47.816667
Bothrops itapetiningae,-22.244444,-47.958333
Bothrops itapetiningae,-22.233333,-50.9
Bothrops itapetiningae,-22.233333,-47.883333
Bothrops itapetiningae,-22.233333,-51.033333
Bothrops itapetiningae,-22.229,-50.893
Bothrops itapetiningae,-22.216667,-47.883333
Bothrops itapetiningae,-22.216667,-50.883333
Bothrops itapetiningae,-22.188,-52.718
Bothrops itapetiningae,-22.183333,-52.5
Bothrops itapetiningae,-22.1575,-47.795
Bothrops itapetiningae,-22.116667,-52.5
Bothrops itapetiningae,-22.018,-47.891
Bothrops itapetiningae,-22.016667,-47.883333
Bothrops itapetiningae,-22,-47.416667
Bothrops itapetiningae,-21.996,-47.426
Bothrops itapetiningae,-21.991667,-47.366667
Bothrops itapetiningae,-21.983333,-47.416667
Bothrops itapetiningae,-21.9833,-47.4167
Bothrops itapetiningae,-21.955,-47.997
Bothrops itapetiningae,-21.939444,-47.365278
Bothrops itapetiningae,-21.933333,-47.366667
Bothrops itapetiningae,-21.916667,-48.05
Bothrops itapetiningae,-21.9,-47.033333
Bothrops itapetiningae,-21.891667,-47.033333
Bothrops itapetiningae,-21.875,-48.055556
Bothrops itapetiningae,-21.866667,-48.266667
Bothrops itapetiningae,-21.866667,-51.833333
Bothrops itapetiningae,-21.816667,-46.883333
Bothrops itapetiningae,-21.8,-48.166667
Bothrops itapetiningae,-21.794444,-48.175556
Bothrops itapetiningae,-21.794,-48.176
Bothrops itapetiningae,-21.774,-47.086
Bothrops itapetiningae,-21.766667,-47.083333
Bothrops itapetiningae,-21.766667,-48.95
Bothrops itapetiningae,-21.758,-48.829
Bothrops itapetiningae,-21.755,-47.903889
Bothrops itapetiningae,-21.75,-48.816667
Bothrops itapetiningae,-21.7,-47.483333
Bothrops itapetiningae,-21.639722,-48.296667
Bothrops itapetiningae,-21.603,-48.366
Bothrops itapetiningae,-21.6,-46.883333
Bothrops itapetiningae,-21.6,-48.35
Bothrops itapetiningae,-21.6,-48.366667
Bothrops itapetiningae,-21.596,-46.889
Bothrops itapetiningae,-21.587,-48.071
Bothrops itapetiningae,-21.586944,-48.070833
Bothrops itapetiningae,-21.583333,-46.883333
Bothrops itapetiningae,-21.583333,-48.066667
Bothrops itapetiningae,-21.576111,-47.431944
Bothrops itapetiningae,-21.555,-47.704
Bothrops itapetiningae,-21.508333,-48.15
Bothrops itapetiningae,-21.508,-48.151
Bothrops itapetiningae,-21.5,-48.15
Bothrops itapetiningae,-21.497,-48.038
Bothrops itapetiningae,-21.483333,-47.366667
Bothrops itapetiningae,-21.473,-47.363
Bothrops itapetiningae,-21.466667,-47.55
Bothrops itapetiningae,-21.466667,-47.966667
Bothrops itapetiningae,-21.466667,-47.35
Bothrops itapetiningae,-21.433333,-47.872222
Bothrops itapetiningae,-21.359,-48.066
Bothrops itapetiningae,-21.35,-48.05
Bothrops itapetiningae,-21.316667,-48.133333
Bothrops itapetiningae,-21.289444,-47.885278
Bothrops itapetiningae,-21.194,-48.164
Bothrops itapetiningae,-21.183333,-48.15
Bothrops itapetiningae,-21.166667,-49.566667
Bothrops itapetiningae,-21.134,-51.102
Bothrops itapetiningae,-21.133333,-51.1
Bothrops itapetiningae,-21.026,-47.374
Bothrops itapetiningae,-21.025556,-47.373889
Bothrops itapetiningae,-21.025,-47.383333
Bothrops itapetiningae,-21.016667,-50.716667
Bothrops itapetiningae,-20.917,-46.991
Bothrops itapetiningae,-20.916667,-46.983333
Bothrops itapetiningae,-20.896111,-51.379444
Bothrops itapetiningae,-20.816667,-49.366667
Bothrops itapetiningae,-20.783333,-47.283333
Bothrops itapetiningae,-20.72,-47.887
Bothrops itapetiningae,-20.716667,-47.883333
Bothrops itapetiningae,-20.539,-47.401
Bothrops itapetiningae,-20.533333,-47.4
Bothrops itapetiningae,-20.466667,-54.616667
Bothrops itapetiningae,-20.443,-54.646
Bothrops itapetiningae,-20.433333,-54.633333
Bothrops itapetiningae,-20.066667,-49.066667
Bothrops itapetiningae,-19.883333,-47.45
Bothrops itapetiningae,-19.866667,-47.45
Bothrops itapetiningae,-19.865,-47.44
Bothrops itapetiningae,-19.75,-47.933333
Bothrops itapetiningae,-19.748,-47.932
Bothrops itapetiningae,-19.733333,-47.916667
Bothrops itapetiningae,-19.533333,-47.45
Bothrops itapetiningae,-19.533333,-47.433333
Bothrops itapetiningae,-19.309,-47.525
Bothrops itapetiningae,-19.166667,-47.683333
Bothrops itapetiningae,-19.118271,-48.353834
Bothrops itapetiningae,-19.023325,-48.311874
Bothrops itapetiningae,-18.928588,-48.896427
Bothrops itapetiningae,-18.921981,-48.833881
Bothrops itapetiningae,-18.919,-48.277
Bothrops itapetiningae,-18.916667,-48.283333
Bothrops itapetiningae,-18.916667,-54.833333
Bothrops itapetiningae,-18.916667,-48.266667
Bothrops itapetiningae,-18.895295,-48.085246
Bothrops itapetiningae,-16.753824,-47.640746
Bothrops itapetiningae,-16.008889,-47.949722
Bothrops itapetiningae,-15.994317,-47.977083
Bothrops itapetiningae,-15.981261,-47.904404
Bothrops itapetiningae,-15.976893,-47.932682
Bothrops itapetiningae,-15.958936,-47.892664
Bothrops itapetiningae,-15.873258,-47.858204
Bothrops itapetiningae,-15.779173,-47.929508
Bothrops itapetiningae,-15.778611,-47.928056
Bothrops itapetiningae,-15.766667,-47.916667
Bothrops itapetiningae,-15.7099,-48.0224
Bothrops itapetiningae,-15.622995,-48.03714
Bothrops itapetiningae,-14.483333,-46.1