species,longitude,latitude
Bothrops alternatus,-62.116667,-38.9
Bothrops alternatus,-60.616667,-38.733333
Bothrops alternatus,-58.716667,-38.566667
Bothrops alternatus,-62.649981,-38.333311
Bothrops alternatus,-57.850235,-38.283523
Bothrops alternatus,-58.783333,-38.15
Bothrops alternatus,-61.794151,-38.13932
Bothrops alternatus,-62.233333,-38.1
Bothrops alternatus,-57.583333,-38
Bothrops alternatus,-61.383333,-37.966667
Bothrops alternatus,-58.25,-37.866667
Bothrops alternatus,-57.05,-37.858333
Bothrops alternatus,-57.766667,-37.783333
Bothrops alternatus,-62.416667,-37.6
Bothrops alternatus,-57.359144,-37.557559
Bothrops alternatus,-57.133333,-37.5
Bothrops alternatus,-60.333333,-36.9
Bothrops alternatus,-56.683333,-36.833333
Bothrops alternatus,-59.85,-36.783333
Bothrops alternatus,-56.716667,-36.55
Bothrops alternatus,-56.75,-36.3
Bothrops alternatus,-65.116667,-36.2
Bothrops alternatus,-65.3,-35.816667
Bothrops alternatus,-57.260653,-35.27428
Bothrops alternatus,-56.209194,-34.861483
Bothrops alternatus,-54.654086,-34.826664
Bothrops alternatus,-55.060363,-34.825285
Bothrops alternatus,-57.985752,-34.824011
Bothrops alternatus,-55.304948,-34.732461
Bothrops alternatus,-56.803643,-34.681077
Bothrops alternatus,-54.3,-34.65
Bothrops alternatus,-58.369,-34.602
Bothrops alternatus,-54.140248,-34.518361
Bothrops alternatus,-57.060562,-34.492669
Bothrops alternatus,-64.166667,-34.416667
Bothrops alternatus,-57.471633,-34.415594
Bothrops alternatus,-57.87414,-34.415594
Bothrops alternatus,-55.15,-34.383333
Bothrops alternatus,-54.097428,-34.287134
Bothrops alternatus,-58.011163,-34.175802
Bothrops alternatus,-53.720613,-34.175802
Bothrops alternatus,-64.7333,-34.116667
Bothrops alternatus,-63.4,-34.116667
Bothrops alternatus,-65.083333,-34.1
Bothrops alternatus,-59.03228,-34.098799
Bothrops alternatus,-54.688342,-34.055907
Bothrops alternatus,-58.25,-34
Bothrops alternatus,-53.583333,-33.933333
Bothrops alternatus,-58.885211,-33.910625
Bothrops alternatus,-64.3833,-33.9
Bothrops alternatus,-65.183333,-33.866667
Bothrops alternatus,-58.405106,-33.798988
Bothrops alternatus,-65.733333,-33.783333
Bothrops alternatus,-59.316667,-33.766667
Bothrops alternatus,-59.087,-33.745
Bothrops alternatus,-65.466667,-33.683333
Bothrops alternatus,-53.643538,-33.670528
Bothrops alternatus,-59.7,-33.666667
Bothrops alternatus,-63.2,-33.633333
Bothrops alternatus,-54.534191,-33.559196
Bothrops alternatus,-58.56667,-33.55
Bothrops alternatus,-53.368,-33.519
Bothrops alternatus,-55.519047,-33.507813
Bothrops alternatus,-53.609282,-33.405045
Bothrops alternatus,-63.4833,-33.4
Bothrops alternatus,-58.276646,-33.396481
Bothrops alternatus,-63.7167,-33.366667
Bothrops alternatus,-64.75,-33.3
Bothrops alternatus,-58.011163,-33.242329
Bothrops alternatus,-56.2,-33.233333
Bothrops alternatus,-65,-33.166667
Bothrops alternatus,-54.449875,-33.166037
Bothrops alternatus,-60.518,-33.15
Bothrops alternatus,-58.259518,-33.130998
Bothrops alternatus,-66.05,-33.116667
Bothrops alternatus,-63.55,-33.11666
Bothrops alternatus,-61.334,-33.115
Bothrops alternatus,-58.516667,-33.016667
Bothrops alternatus,-54.645522,-32.98541
Bothrops alternatus,-60.65,-32.95
Bothrops alternatus,-58.033333,-32.9
Bothrops alternatus,-54.371475,-32.882643
Bothrops alternatus,-54.731162,-32.814131
Bothrops alternatus,-55.65,-32.783333
Bothrops alternatus,-60.44709,-32.77607
Bothrops alternatus,-60.766,-32.741
Bothrops alternatus,-62.1,-32.7
Bothrops alternatus,-63.716667,-32.7
Bothrops alternatus,-64.9167,-32.666667
Bothrops alternatus,-60.23764,-32.65756
Bothrops alternatus,-60.851,-32.566
Bothrops alternatus,-52.548695,-32.553936
Bothrops alternatus,-58.25,-32.5
Bothrops alternatus,-58.483333,-32.466667
Bothrops alternatus,-63.25,-32.416667
Bothrops alternatus,-59.812,-32.406
Bothrops alternatus,-55.4591,-32.368804
Bothrops alternatus,-62.35,-32.366667
Bothrops alternatus,-60.941801,-32.356864
Bothrops alternatus,-62.883333,-32.35
Bothrops alternatus,-53.652102,-32.343112
Bothrops alternatus,-54.20876,-32.334548
Bothrops alternatus,-64.2667,-32.316667
Bothrops alternatus,-60.69577,-32.30107
Bothrops alternatus,-64.4833,-32.3
Bothrops alternatus,-61.927,-32.262
Bothrops alternatus,-63.6333,-32.233333
Bothrops alternatus,-63.1667,-32.2
Bothrops alternatus,-64.7667,-32.2
Bothrops alternatus,-62.6333,-32.2
Bothrops alternatus,-52.437371,-32.194114
Bothrops alternatus,-60.183333,-32.183333
Bothrops alternatus,-64.1,-32.183333
Bothrops alternatus,-59.4,-32.176
Bothrops alternatus,-58.26667,-32.15
Bothrops alternatus,-60.516193,-32.149699
Bothrops alternatus,-52.079167,-32.141667
Bothrops alternatus,-65.0564,-32.1106
Bothrops alternatus,-61.227,-32.078
Bothrops alternatus,-64.55,-32.066667
Bothrops alternatus,-60.318,-32.037
Bothrops alternatus,-62.4667,-32.033333
Bothrops alternatus,-54.1,-31.966667
Bothrops alternatus,-60.916667,-31.966667
Bothrops alternatus,-51.993248,-31.962708
Bothrops alternatus,-65.184,-31.944
Bothrops alternatus,-60.684,-31.931
Bothrops alternatus,-64.75,-31.9
Bothrops alternatus,-55.483333,-31.883333
Bothrops alternatus,-61.134,-31.882
Bothrops alternatus,-58.283333,-31.866667
Bothrops alternatus,-59.05,-31.866667
Bothrops alternatus,-62.7167,-31.866667
Bothrops alternatus,-60.004,-31.866
Bothrops alternatus,-52.8233,-31.8642
Bothrops alternatus,-56.204165,-31.86353
Bothrops alternatus,-60.832945,-31.771703
Bothrops alternatus,-65,-31.766667
Bothrops alternatus,-52.375,-31.766667
Bothrops alternatus,-54.354347,-31.760762
Bothrops alternatus,-61.316667,-31.75
Bothrops alternatus,-64.4833,-31.733333
Bothrops alternatus,-60.325,-31.729
Bothrops alternatus,-61.584,-31.716
Bothrops alternatus,-59.616,-31.682
Bothrops alternatus,-60.572423,-31.67619
Bothrops alternatus,-63.0667,-31.666667
Bothrops alternatus,-59.903,-31.647
Bothrops alternatus,-53.455556,-31.637222
Bothrops alternatus,-60.9961,-31.63257
Bothrops alternatus,-57.87414,-31.606611
Bothrops alternatus,-65.05,-31.583333
Bothrops alternatus,-53.6725,-31.5581
Bothrops alternatus,-63.3833,-31.533333
Bothrops alternatus,-58.166667,-31.5
Bothrops alternatus,-60.759356,-31.496103
Bothrops alternatus,-61.69756,-31.49072
Bothrops alternatus,-60.40378,-31.46777
Bothrops alternatus,-60.166667,-31.466667
Bothrops alternatus,-64.3667,-31.45
Bothrops alternatus,-62.0833,-31.433333
Bothrops alternatus,-61.084,-31.417
Bothrops alternatus,-54.4167,-31.4167
Bothrops alternatus,-63.5833,-31.416667
Bothrops alternatus,-63.1833,-31.416667
Bothrops alternatus,-62.6333,-31.4
Bothrops alternatus,-57.557273,-31.375383
Bothrops alternatus,-58.016667,-31.366667
Bothrops alternatus,-51.966667,-31.366667
Bothrops alternatus,-64.5667,-31.366667
Bothrops alternatus,-65.116667,-31.366667
Bothrops alternatus,-64.17982,-31.364187
Bothrops alternatus,-54.0861,-31.342
Bothrops alternatus,-62.8333,-31.316667
Bothrops alternatus,-63.4167,-31.283333
Bothrops alternatus,-60.24772,-31.27573
Bothrops alternatus,-61.483333,-31.266667
Bothrops alternatus,-60.762,-31.266
Bothrops alternatus,-62.35,-31.25
Bothrops alternatus,-61.218,-31.249
Bothrops alternatus,-59.229,-31.236
Bothrops alternatus,-60.533333,-31.233333
Bothrops alternatus,-65.1,-31.183333
Bothrops alternatus,-57.891268,-31.178412
Bothrops alternatus,-60.983333,-31.133333
Bothrops alternatus,-60.116667,-31.133333
Bothrops alternatus,-63.5833,-31.116667
Bothrops alternatus,-64.75,-31.116667
Bothrops alternatus,-50.9211,-31.1069
Bothrops alternatus,-58.6,-31.06667
Bothrops alternatus,-64.3,-31.066667
Bothrops alternatus,-60.734,-31.066
Bothrops alternatus,-58.99816,-31.05479
Bothrops alternatus,-61.172,-31.054
Bothrops alternatus,-57.717778,-31.053889
Bothrops alternatus,-63.85,-31.05
Bothrops alternatus,-54.6731,-30.9828
Bothrops alternatus,-60.483333,-30.966667
Bothrops alternatus,-59.733333,-30.966667
Bothrops alternatus,-63.2667,-30.95
Bothrops alternatus,-58.8,-30.933333
Bothrops alternatus,-58.069,-30.928
Bothrops alternatus,-51.4978,-30.915
Bothrops alternatus,-62.6667,-30.9
Bothrops alternatus,-53.116667,-30.875
Bothrops alternatus,-61.355,-30.869
Bothrops alternatus,-62.0333,-30.866667
Bothrops alternatus,-62.9833,-30.866667
Bothrops alternatus,-60.969031,-30.865548
Bothrops alternatus,-60.024,-30.85717
Bothrops alternatus,-51.8122,-30.8511
Bothrops alternatus,-64.25,-30.85
Bothrops alternatus,-63.7167,-30.816667
Bothrops alternatus,-53.9,-30.808333
Bothrops alternatus,-60.586,-30.787
Bothrops alternatus,-58.63451,-30.78682
Bothrops alternatus,-57.711424,-30.775905
Bothrops alternatus,-63.4167,-30.766667
Bothrops alternatus,-59.6,-30.75
Bothrops alternatus,-57.983333,-30.75
Bothrops alternatus,-50.607861,-30.739699
Bothrops alternatus,-63.2,-30.716667
Bothrops alternatus,-64.0667,-30.7
Bothrops alternatus,-61.12882,-30.69796
Bothrops alternatus,-61.34422,-30.6873
Bothrops alternatus,-59.383333,-30.683333
Bothrops alternatus,-51.3958,-30.6733
Bothrops alternatus,-60.233333,-30.65
Bothrops alternatus,-59.9468,-30.59957
Bothrops alternatus,-60.484,-30.581
Bothrops alternatus,-52.533333,-30.55
Bothrops alternatus,-63.5167,-30.55
Bothrops alternatus,-60.75,-30.549
Bothrops alternatus,-61.969,-30.532
Bothrops alternatus,-61.035,-30.531
Bothrops alternatus,-57.839884,-30.501858
Bothrops alternatus,-59.50902,-30.49914
Bothrops alternatus,-62.734074,-30.489971
Bothrops alternatus,-63.9667,-30.483333
Bothrops alternatus,-60.169,-30.467
Bothrops alternatus,-51.6033,-30.4603
Bothrops alternatus,-52.3115,-30.423
Bothrops alternatus,-57.433333,-30.416667
Bothrops alternatus,-61.645,-30.39
Bothrops alternatus,-51.2,-30.383333
Bothrops alternatus,-58.75,-30.378
Bothrops alternatus,-59.75,-30.377
Bothrops alternatus,-60.401,-30.365
Bothrops alternatus,-63.5833,-30.35
Bothrops alternatus,-59.966667,-30.35
Bothrops alternatus,-54.316667,-30.333333
Bothrops alternatus,-50.490018,-30.323874
Bothrops alternatus,-61.237,-30.312
Bothrops alternatus,-59.016667,-30.3
Bothrops alternatus,-59.535,-30.298
Bothrops alternatus,-51.016667,-30.283333
Bothrops alternatus,-64.3833,-30.283333
Bothrops alternatus,-57.600093,-30.270631
Bothrops alternatus,-53.9333,-30.2667
Bothrops alternatus,-52.85,-30.2666
Bothrops alternatus,-54.914,-30.258
Bothrops alternatus,-51.5,-30.25
Bothrops alternatus,-53.058333,-30.25
Bothrops alternatus,-60.633333,-30.233333
Bothrops alternatus,-59.237778,-30.222778
Bothrops alternatus,-58.18491,-30.22198
Bothrops alternatus,-50.303056,-30.217778
Bothrops alternatus,-52.3736,-30.1914
Bothrops alternatus,-53.266667,-30.183333
Bothrops alternatus,-51.2187,-30.1671
Bothrops alternatus,-63.616667,-30.166667
Bothrops alternatus,-59.916667,-30.166667
Bothrops alternatus,-50.898,-30.1355
Bothrops alternatus,-63.85,-30.116667
Bothrops alternatus,-51.95,-30.116667
Bothrops alternatus,-60.888,-30.116
Bothrops alternatus,-51.65,-30.1
Bothrops alternatus,-61.802,-30.099
Bothrops alternatus,-61.171,-30.095
Bothrops alternatus,-58.786644,-30.08619
Bothrops alternatus,-60.485,-30.066
Bothrops alternatus,-60.128,-30.034
Bothrops alternatus,-52.858333,-30.016667
Bothrops alternatus,-61.586,-30.015
Bothrops alternatus,-50.133333,-30
Bothrops alternatus,-53.5,-30
Bothrops alternatus,-52.3781,-29.9897
Bothrops alternatus,-59.833333,-29.966667
Bothrops alternatus,-51.1836,-29.9178
Bothrops alternatus,-60.302,-29.9
Bothrops alternatus,-63.7167,-29.9
Bothrops alternatus,-61.95,-29.883333
Bothrops alternatus,-54.825,-29.883333
Bothrops alternatus,-61.299,-29.882
Bothrops alternatus,-50.9658,-29.8677
Bothrops alternatus,-53.091667,-29.866667
Bothrops alternatus,-51.383333,-29.866667
Bothrops alternatus,-50.5197,-29.8175
Bothrops alternatus,-50.065006,-29.817372
Bothrops alternatus,-62.8,-29.816667
Bothrops alternatus,-51.916667,-29.816667
Bothrops alternatus,-53.475,-29.816667
Bothrops alternatus,-64.25,-29.816667
Bothrops alternatus,-58.05,-29.783333
Bothrops alternatus,-55.783333,-29.783333
Bothrops alternatus,-59.783333,-29.766667
Bothrops alternatus,-57.0883,-29.7547
Bothrops alternatus,-52.433333,-29.716667
Bothrops alternatus,-53.716667,-29.716667
Bothrops alternatus,-54.6794,-29.6917
Bothrops alternatus,-51.4611,-29.6886
Bothrops alternatus,-61.60472,-29.688005
Bothrops alternatus,-51.05,-29.680556
Bothrops alternatus,-58.363333,-29.675833
Bothrops alternatus,-58.614722,-29.670278
Bothrops alternatus,-53.1489,-29.6686
Bothrops alternatus,-52.9336,-29.6544
Bothrops alternatus,-50.7806,-29.6506
Bothrops alternatus,-54.008333,-29.65
Bothrops alternatus,-55.361667,-29.641667
Bothrops alternatus,-50.101066,-29.632406
Bothrops alternatus,-58.166667,-29.616667
Bothrops alternatus,-51.9431,-29.6089
Bothrops alternatus,-63.116661,-29.58333
Bothrops alternatus,-64.1333,-29.55
Bothrops alternatus,-62.28333,-29.55
Bothrops alternatus,-57.1316,-29.53485
Bothrops alternatus,-51.2481,-29.5306
Bothrops alternatus,-49.906148,-29.5205
Bothrops alternatus,-56.7,-29.508333
Bothrops alternatus,-59.766667,-29.5
Bothrops alternatus,-61.702,-29.499
Bothrops alternatus,-57.568611,-29.494167
Bothrops alternatus,-60.217,-29.467
Bothrops alternatus,-50.5836,-29.4481
Bothrops alternatus,-51.5114,-29.4383
Bothrops alternatus,-62.78333,-29.4
Bothrops alternatus,-50.316667,-29.395833
Bothrops alternatus,-60.555,-29.391
Bothrops alternatus,-51.866667,-29.383333
Bothrops alternatus,-58.2497,-29.38281
Bothrops alternatus,-51.1144,-29.3764
Bothrops alternatus,-50.816667,-29.366667
Bothrops alternatus,-49.7269,-29.3353
Bothrops alternatus,-58.645833,-29.300556
Bothrops alternatus,-61.771368,-29.232792
Bothrops alternatus,-53.6817,-29.2269
Bothrops alternatus,-59.62466,-29.20802
Bothrops alternatus,-54.8672,-29.1917
Bothrops alternatus,-58.083333,-29.183333
Bothrops alternatus,-61.083333,-29.183333
Bothrops alternatus,-51.1794,-29.1681
Bothrops alternatus,-56.065,-29.1428
Bothrops alternatus,-59.25,-29.133333
Bothrops alternatus,-59.92773,-29.12991
Bothrops alternatus,-56.553,-29.125
Bothrops alternatus,-58.361944,-29.106111
Bothrops alternatus,-57.099167,-29.072222
Bothrops alternatus,-58.616667,-29.066667
Bothrops alternatus,-50.975,-29.066667
Bothrops alternatus,-50.1447,-29.0478
Bothrops alternatus,-57.80604,-29.04432
Bothrops alternatus,-61.833333,-29.016667
Bothrops alternatus,-57.563056,-29.01
Bothrops alternatus,-53.783333,-29
Bothrops alternatus,-62.133333,-28.983333
Bothrops alternatus,-59.116667,-28.983333
Bothrops alternatus,-63.433,-28.983
Bothrops alternatus,-60.50573,-28.971908
Bothrops alternatus,-61.6,-28.95
Bothrops alternatus,-51.5494,-28.9361
Bothrops alternatus,-59.616667,-28.933333
Bothrops alternatus,-50.65,-28.933333
Bothrops alternatus,-50.3578,-28.8847
Bothrops alternatus,-57.23753,-28.8466
Bothrops alternatus,-56.483333,-28.833333
Bothrops alternatus,-60.28472,-28.82517
Bothrops alternatus,-52.5103,-28.8183
Bothrops alternatus,-53.3875,-28.8178
Bothrops alternatus,-52,-28.783333
Bothrops alternatus,-58.783333,-28.783333
Bothrops alternatus,-51.475,-28.758333
Bothrops alternatus,-54.9003,-28.73
Bothrops alternatus,-51.7047,-28.7236
Bothrops alternatus,-59.38683,-28.71536
Bothrops alternatus,-62.53333,-28.7
Bothrops alternatus,-59.848,-28.671
Bothrops alternatus,-50.4167,-28.6678
Bothrops alternatus,-58.236667,-28.665833
Bothrops alternatus,-56.009,-28.656
Bothrops alternatus,-57.480278,-28.648611
Bothrops alternatus,-50.6372,-28.6442
Bothrops alternatus,-53.6064,-28.6386
Bothrops alternatus,-53.0897,-28.6275
Bothrops alternatus,-63.28333,-28.61667
Bothrops alternatus,-61.667,-28.616667
Bothrops alternatus,-58.716667,-28.566667
Bothrops alternatus,-51.6903,-28.5408
Bothrops alternatus,-57.18304,-28.53767
Bothrops alternatus,-52.4642,-28.5358
Bothrops alternatus,-50.933333,-28.5
Bothrops alternatus,-59.362,-28.482
Bothrops alternatus,-59,-28.468889
Bothrops alternatus,-61.85,-28.46667
Bothrops alternatus,-62.116667,-28.466667
Bothrops alternatus,-52.833333,-28.466667
Bothrops alternatus,-56.02391,-28.464863
Bothrops alternatus,-62.85,-28.46
Bothrops alternatus,-56.972778,-28.433889
Bothrops alternatus,-56.49247,-28.42823
Bothrops alternatus,-54.961,-28.408
Bothrops alternatus,-59.702,-28.4
Bothrops alternatus,-62.383,-28.4
Bothrops alternatus,-53.2472,-28.3583
Bothrops alternatus,-64.6,-28.33333
Bothrops alternatus,-61.551,-28.298
Bothrops alternatus,-49.933333,-28.291667
Bothrops alternatus,-56.781389,-28.291667
Bothrops alternatus,-52.786,-28.284
Bothrops alternatus,-53.052778,-28.280556
Bothrops alternatus,-52.4067,-28.2628
Bothrops alternatus,-54.615,-28.2575
Bothrops alternatus,-57.401,-28.256
Bothrops alternatus,-58.679,-28.249
Bothrops alternatus,-59.461,-28.233
Bothrops alternatus,-61.96667,-28.21667
Bothrops alternatus,-55.743,-28.21
Bothrops alternatus,-51.5258,-28.2086
Bothrops alternatus,-64.2,-28.18333
Bothrops alternatus,-57.94,-28.135
Bothrops alternatus,-59.94426,-28.11316
Bothrops alternatus,-61.663,-28.08683
Bothrops alternatus,-56.573889,-28.081944
Bothrops alternatus,-56.033333,-28.066667
Bothrops alternatus,-52.6772,-28.0592
Bothrops alternatus,-55.252,-28.031
Bothrops alternatus,-52.258333,-27.983333
Bothrops alternatus,-55.516667,-27.983333
Bothrops alternatus,-59.201303,-27.955983
Bothrops alternatus,-58.8,-27.95
Bothrops alternatus,-57.9,-27.933333
Bothrops alternatus,-62.16667,-27.93333
Bothrops alternatus,-59.933333,-27.883333
Bothrops alternatus,-55.133333,-27.883333
Bothrops alternatus,-61.833,-27.867
Bothrops alternatus,-61.136856,-27.833619
Bothrops alternatus,-56.848056,-27.823611
Bothrops alternatus,-50.333333,-27.816667
Bothrops alternatus,-64.283,-27.783
Bothrops alternatus,-55.783333,-27.766667
Bothrops alternatus,-57.311667,-27.755833
Bothrops alternatus,-57.9775,-27.750556
Bothrops alternatus,-55.583333,-27.733333
Bothrops alternatus,-57.633333,-27.716667
Bothrops alternatus,-60.907,-27.673
Bothrops alternatus,-58.270833,-27.663611
Bothrops alternatus,-54.4403,-27.6569
Bothrops alternatus,-54.916667,-27.633333
Bothrops alternatus,-62.41667,-27.63333
Bothrops alternatus,-62.16667,-27.61667
Bothrops alternatus,-56.433333,-27.616667
Bothrops alternatus,-55.316667,-27.6
Bothrops alternatus,-57.2,-27.583333
Bothrops alternatus,-61.95,-27.58333
Bothrops alternatus,-60.712,-27.576
Bothrops alternatus,-56.7247,-27.570761
Bothrops alternatus,-58.733333,-27.566667
Bothrops alternatus,-51.416667,-27.533333
Bothrops alternatus,-57.934722,-27.529167
Bothrops alternatus,-60.166667,-27.516667
Bothrops alternatus,-55.116667,-27.483333
Bothrops alternatus,-56.942778,-27.478333
Bothrops alternatus,-59,-27.45
Bothrops alternatus,-58.6,-27.416667
Bothrops alternatus,-56.5,-27.416667
Bothrops alternatus,-59.45,-27.416667
Bothrops alternatus,-55.583333,-27.383333
Bothrops alternatus,-57.716667,-27.383333
Bothrops alternatus,-58.379722,-27.3675
Bothrops alternatus,-55.9,-27.366667
Bothrops alternatus,-58.8,-27.35
Bothrops alternatus,-50.624444,-27.2875
Bothrops alternatus,-60.416667,-27.283333
Bothrops alternatus,-65.38332,-27.20001
Bothrops alternatus,-55.4,-27.133333
Bothrops alternatus,-58.15,-27.133333
Bothrops alternatus,-57.583333,-27.1
Bothrops alternatus,-49.630556,-27.097222
Bothrops alternatus,-58.7,-27.066667
Bothrops alternatus,-60.966667,-26.966667
Bothrops alternatus,-51.075,-26.9
Bothrops alternatus,-58.3,-26.866667
Bothrops alternatus,-60.233333,-26.866667
Bothrops alternatus,-59.633333,-26.833333
Bothrops alternatus,-60.45,-26.8
Bothrops alternatus,-65.38332,-26.78334
Bothrops alternatus,-60.733333,-26.683333
Bothrops alternatus,-62.842646,-26.593996
Bothrops alternatus,-51.983333,-26.483333
Bothrops alternatus,-58.694,-26.466
Bothrops alternatus,-58.633333,-26.25
Bothrops alternatus,-51.091667,-26.233333
Bothrops alternatus,-57.05,-26.216667
Bothrops alternatus,-58.17537,-26.185201
Bothrops alternatus,-50.39,-26.177
Bothrops alternatus,-50.586944,-26.071389
Bothrops alternatus,-56.833333,-26.016667
Bothrops alternatus,-58.941788,-26.015189
Bothrops alternatus,-50.383333,-25.866667
Bothrops alternatus,-49.15,-25.816667
Bothrops alternatus,-52.083333,-25.791667
Bothrops alternatus,-49.716667,-25.766667
Bothrops alternatus,-51.65,-25.7
Bothrops alternatus,-58.4,-25.666667
Bothrops alternatus,-51.955556,-25.644444
Bothrops alternatus,-57.150417,-25.623972
Bothrops alternatus,-49.41,-25.593
Bothrops alternatus,-49.641667,-25.580556
Bothrops alternatus,-54.583333,-25.55
Bothrops alternatus,-59.116255,-25.523553
Bothrops alternatus,-57.361371,-25.50489
Bothrops alternatus,-49.05,-25.5
Bothrops alternatus,-49.966667,-25.483333
Bothrops alternatus,-58.567228,-25.457639
Bothrops alternatus,-56.85,-25.45
Bothrops alternatus,-49.266667,-25.416667
Bothrops alternatus,-51.466667,-25.383333
Bothrops alternatus,-50.458333,-25.366667
Bothrops alternatus,-50.233333,-25.283333
Bothrops alternatus,-57.716667,-25.283333
Bothrops alternatus,-57.483333,-25.266667
Bothrops alternatus,-50,-25.25
Bothrops alternatus,-50.983333,-25.216667
Bothrops alternatus,-58.183333,-25.2
Bothrops alternatus,-57.529437,-25.086394
Bothrops alternatus,-50.166667,-25.066667
Bothrops alternatus,-55.924617,-25.063115
Bothrops alternatus,-50.583333,-25.025
Bothrops alternatus,-58.566667,-24.966667
Bothrops alternatus,-49.9,-24.883333
Bothrops alternatus,-57.699161,-24.88308
Bothrops alternatus,-60.226566,-24.864782
Bothrops alternatus,-57.904083,-24.744118
Bothrops alternatus,-53.733333,-24.733333
Bothrops alternatus,-50.416667,-24.516667
Bothrops alternatus,-56.683333,-24.5
Bothrops alternatus,-49.854167,-24.420833
Bothrops alternatus,-50.6,-24.3
Bothrops alternatus,-49.933333,-24.25
Bothrops alternatus,-49.666667,-24.175
Bothrops alternatus,-54.25,-24.083333
Bothrops alternatus,-52.366667,-24.033333
Bothrops alternatus,-50.458333,-24.033333
Bothrops alternatus,-49.433333,-23.983333
Bothrops alternatus,-54.266667,-23.883333
Bothrops alternatus,-48.6,-23.8
Bothrops alternatus,-53.883333,-23.766667
Bothrops alternatus,-48.15,-23.633333
Bothrops alternatus,-53.733333,-23.508333
Bothrops alternatus,-48.416667,-23.5
Bothrops alternatus,-47.45,-23.5
Bothrops alternatus,-47.913889,-23.411111
Bothrops alternatus,-57.433333,-23.4
Bothrops alternatus,-47.666667,-23.283333
Bothrops alternatus,-52.816667,-23.275
Bothrops alternatus,-48.926,-23.099
Bothrops alternatus,-52.45,-23.083333
Bothrops alternatus,-48.683333,-23
Bothrops alternatus,-47.05,-22.9
Bothrops alternatus,-48.45,-22.883333
Bothrops alternatus,-47.333333,-22.75
Bothrops alternatus,-46.766667,-22.716667
Bothrops alternatus,-53.43112,-22.6697
Bothrops alternatus,-52.858333,-22.658333
Bothrops alternatus,-46.944444,-22.604167
Bothrops alternatus,-55.716667,-22.533333
Bothrops alternatus,-53.0125,-22.508333
Bothrops alternatus,-53.351,-22.488
Bothrops alternatus,-60.614927,-22.484525
Bothrops alternatus,-47.216667,-22.483333
Bothrops alternatus,-46.016667,-22.466667
Bothrops alternatus,-47.416667,-22.423611
Bothrops alternatus,-46.741667,-22.391667
Bothrops alternatus,-46.95,-22.366667
Bothrops alternatus,-48.783333,-22.35
Bothrops alternatus,-49.060556,-22.314722
Bothrops alternatus,-43.7,-22.25
Bothrops alternatus,-47.883333,-22.233333
Bothrops alternatus,-45.933333,-22.233333
Bothrops alternatus,-53.333333,-22.233333
Bothrops alternatus,-54.8,-22.216667
Bothrops alternatus,-49.275,-22.2042
Bothrops alternatus,-46.75,-22.2
Bothrops alternatus,-52.716667,-22.183333
Bothrops alternatus,-47.383333,-22.183333
Bothrops alternatus,-46.179167,-22.166667
Bothrops alternatus,-43.2,-22.116667
Bothrops alternatus,-48.733333,-22.066667
Bothrops alternatus,-44.608333,-21.983333
Bothrops alternatus,-46.8,-21.966667
Bothrops alternatus,-49.016667,-21.9
Bothrops alternatus,-45.016667,-21.883333
Bothrops alternatus,-45.4,-21.833333
Bothrops alternatus,-48.166667,-21.8
Bothrops alternatus,-46.55,-21.783333
Bothrops alternatus,-48.566667,-21.783333
Bothrops alternatus,-47.0833,-21.7667
Bothrops alternatus,-52.2,-21.75
Bothrops alternatus,-47.497343,-21.731248
Bothrops alternatus,-52.416667,-21.716667
Bothrops alternatus,-45.25,-21.7
Bothrops alternatus,-45.916667,-21.683333
Bothrops alternatus,-48.366,-21.603
Bothrops alternatus,-48.816667,-21.6
Bothrops alternatus,-47.7,-21.55
Bothrops alternatus,-45.433333,-21.55
Bothrops alternatus,-45.733333,-21.55
Bothrops alternatus,-51.95,-21.533333
Bothrops alternatus,-56.4346,-21.47928
Bothrops alternatus,-47,-21.4667
Bothrops alternatus,-45.216667,-21.466667
Bothrops alternatus,-49.216667,-21.466667
Bothrops alternatus,-45.95,-21.433333
Bothrops alternatus,-46.4,-21.416667
Bothrops alternatus,-48.0667,-21.3667
Bothrops alternatus,-45.516667,-21.366667
Bothrops alternatus,-51.866667,-21.366667
Bothrops alternatus,-46.15,-21.358333
Bothrops alternatus,-48.633333,-21.325
Bothrops alternatus,-42.65,-21.3158
Bothrops alternatus,-48.316667,-21.266667
Bothrops alternatus,-48.8,-21.2333
Bothrops alternatus,-43.766667,-21.216667
Bothrops alternatus,-48.966667,-21.133333
Bothrops alternatus,-47,-21.133333
Bothrops alternatus,-45.833333,-21.108333
Bothrops alternatus,-48.179167,-21.108333
Bothrops alternatus,-46.2,-21.1
Bothrops alternatus,-48.4761,-21.0547
Bothrops alternatus,-44.75,-21.033333
Bothrops alternatus,-54.251221,-20.914983
Bothrops alternatus,-48.65,-20.9
Bothrops alternatus,-44.066667,-20.9
Bothrops alternatus,-45.266667,-20.9
Bothrops alternatus,-51.6375,-20.791667
Bothrops alternatus,-48.333333,-20.783333
Bothrops alternatus,-48.05,-20.733333
Bothrops alternatus,-48.541,-20.713
Bothrops alternatus,-43.8,-20.666667
Bothrops alternatus,-48.9225,-20.66
Bothrops alternatus,-47.4,-20.533333
Bothrops alternatus,-56.583333,-20.5
Bothrops alternatus,-53.266786,-20.483453
Bothrops alternatus,-55.8,-20.466667
Bothrops alternatus,-54.647759,-20.443505
Bothrops alternatus,-54.86,-20.442
Bothrops alternatus,-48.5547,-20.44
Bothrops alternatus,-51.34,-20.42
Bothrops alternatus,-46.416667,-20.25
Bothrops alternatus,-46.225,-20
Bothrops alternatus,-48.383333,-19.9
Bothrops alternatus,-55.8633,-19.7556
Bothrops alternatus,-44.05,-19.616667
Bothrops alternatus,-47.3,-19.35
Bothrops alternatus,-48.120889,-19.283861
Bothrops alternatus,-43.566667,-19.283333
Bothrops alternatus,-47.775,-19.245833
Bothrops alternatus,-48.283333,-18.916667
Bothrops alternatus,-52.910278,-18.31
Bothrops alternatus,-52.9225,-18.1
Bothrops alternatus,-53.116389,-18.1
